galaxy,Vout,Verr,n_points,Galaxy,T,D,e_D,f_D,Inc,e_Inc,L36,e_L36,Reff,SBeff,Rdisk,SBdisk,MHI,RHI,Vflat,e_Vflat,Q,Ref,Mstar,Mgas,Mbar,logV_flat,logV_out,logM,res_flat,res_out
D631-7,57.97500000000001,0.496865172858795,4,D631-7,10,7.72,0.18,2,59.0,3.0,0.196,0.009,1.22,20.93,0.7,115.04,0.29,0.0,57.7,2.7,1,"Tr09,dB01",0.098,0.3857,0.4837,1.7611758131557314,1.763240757310025,-0.3154239126115447,-0.2351558290743851,-0.2404095881374656
DDO161,66.70000000000002,0.414039335605414,7,DDO161,10,7.5,2.25,1,70.0,10.0,0.548,0.015,2.04,20.74,1.22,169.37,1.378,10.69,66.3,1.9,1,Co00,0.274,1.83274,2.1067400000000003,1.8215135284047728,1.8241258339165487,0.3236109411454907,0.1957143227771521,0.1885008972696188
F571-8,139.66666666666666,3.6817870057290873,3,F571-8,5,53.3,10.7,1,85.0,5.0,10.164,0.412,1.4,825.71,3.56,87.26,1.782,24.55,139.7,4.3,1,"dB01,dB96",5.082,2.37006,7.452059999999999,2.1451964061141817,2.145092768246633,0.872276342945087,-0.3723239734699344,-0.3705431446288842
F568-V1,114.0,2.943920288775949,3,F568-V1,7,80.6,8.06,1,40.0,10.0,3.825,0.384,4.4,31.39,2.85,90.54,2.491,14.38,112.3,15.8,1,"dB01,dB96",1.9125,3.3130300000000004,5.225530000000001,2.050379756261458,2.0569048513364727,0.7181303453863829,-0.1993531822870614,-0.2203382015359062
DDO064,46.53333333333333,0.2624669291337274,3,DDO064,10,6.8,2.04,1,60.0,5.0,0.157,0.007,1.2,17.41,0.69,151.65,0.211,3.49,46.1,3.9,1,"dB02,Sw02",0.0785,0.28063,0.35913,1.6637009253896482,1.6677641635674798,-0.4447483144777733,-0.0281925397121858,-0.0402286321964009
ESO116-G012,111.0,0.816496580927726,3,ESO116-G012,7,13.0,3.9,1,74.0,3.0,4.292,0.071,2.75,90.54,1.51,1320.78,1.083,9.58,109.1,3.1,1,Ge04,2.146,1.44039,3.58639,2.037824750588342,2.0453229787866576,0.5546575149077929,-0.319511329692571,-0.3438400934942548
ESO563-G021,316.8333333333333,3.6247605284885913,6,ESO563-G021,4,60.8,9.1,1,83.0,3.0,311.177,2.579,10.59,429.37,5.45,6558.89,24.298,55.71,314.6,11.7,1,SG06,155.5885,32.31634,187.90484,2.497758718287268,2.5008308664817998,2.273937966679669,-0.1869998977135063,-0.1965919444641306
IC2574,64.44285714285715,2.597172717100073,7,IC2574,9,3.91,0.2,2,75.0,7.0,1.016,0.012,3.18,15.88,2.78,80.32,1.036,10.81,66.4,2.0,2,"Sa96,MC94",0.508,1.3778800000000002,1.88588,1.8221680793680173,1.8091747870834536,0.2755140547873845,0.145359240105458,0.1920025215330481
NGC0024,107.0,2.0,6,NGC0024,5,7.3,0.36,2,64.0,3.0,3.889,0.036,2.01,151.65,1.34,1182.58,0.676,7.29,106.3,7.9,1,"Di08,Ch06",1.9445,0.8990800000000001,2.84358,2.0265332645232967,2.0293837776852097,0.4538654510055656,-0.381347844464397,-0.389623364600027
F563-1,110.25,2.5124689052802225,4,F563-1,9,48.9,9.8,1,25.0,5.0,1.903,0.17,4.61,14.22,3.52,41.77,3.2,23.47,109.9,12.5,1,"KN08,dB96",0.9515,4.256,5.2075000000000005,2.0409976924234905,2.042378598139876,0.7166292786197835,-0.1684861934514926,-0.1717067900738546
ESO079-G014,176.66666666666666,1.247219128924647,3,ESO079-G014,4,28.7,7.17,1,79.0,5.0,51.733,0.524,7.23,157.34,5.08,2295.25,3.14,17.67,175.0,3.5,1,Ge04,25.8665,4.176200000000001,30.0427,2.2430380486862944,2.2471546148811266,1.4777389610354523,-0.1044143481619992,-0.1173126703082874
IC4202,241.7142857142857,5.337583340648401,7,IC4202,4,100.4,10.0,1,90.0,1.0,179.749,3.311,8.55,391.59,4.78,8888.53,12.326,32.13,242.6,11.0,1,SG06,89.8745,16.39358,106.26808,2.384890796530554,2.383302318688748,2.0264028340281204,-0.0451414779210459,-0.0385168152168589
F583-1,82.96000000000001,3.6886854026875247,5,F583-1,9,35.4,8.85,1,63.0,5.0,0.986,0.093,3.74,11.19,2.36,60.93,2.126,15.65,85.8,3.6,1,"KN08,dB96",0.493,2.82758,3.32058,1.9334872878487053,1.9188687433809848,0.5212139478002883,0.0070086308066031,0.0591306106902277
F574-1,99.33333333333331,0.3858612300930097,3,F574-1,7,96.8,9.68,1,65.0,10.0,6.537,0.596,5.87,29.98,4.46,128.48,3.524,16.19,97.8,4.1,1,"dB01,dB96",3.2685,4.686920000000001,7.95542,1.9903388547876013,1.997095009356593,0.9006631128157099,0.1903202815683058,0.168608123493938
KK98-251,34.03333333333334,0.5436502143433384,3,KK98-251,10,6.8,2.04,1,59.0,5.0,0.085,0.007,1.28,7.89,1.34,52.1,0.115,2.9,33.7,1.6,2,BC04,0.0425,0.15295,0.19545,1.5276299008713388,1.5319044873672478,-0.708964325231734,0.1770355466448955,0.1644293445177539
F579-V1,114.0,0.0,3,F579-V1,5,89.5,8.95,1,26.0,10.0,11.848,0.742,5.76,56.6,3.37,201.76,2.245,20.96,112.1,13.4,1,"dB01,dB96",5.924,2.98585,8.90985,2.049605612594973,2.0569048513364727,0.9498703926204164,0.0350576552627913,0.0114018456981274
NGC0055,86.32000000000001,0.6493073232299177,5,NGC0055,9,2.11,0.11,2,77.0,3.0,4.628,0.013,3.67,54.55,6.11,391.59,1.565,10.24,85.6,5.0,2,"Sa96,Pu91",2.314,2.08145,4.39545,1.9324737646771533,1.9361114316748544,0.6430033441452769,0.1322946751106615,0.1214126665120343
DDO154,47.03333333333333,1.1323525167642028,3,DDO154,10,4.04,0.2,2,64.0,3.0,0.053,0.002,0.65,19.99,0.37,71.26,0.275,4.96,47.0,1.0,2,"Be91,CB89",0.0265,0.3657500000000001,0.3922500000000001,1.6720978579357175,1.6724057590346852,-0.4064370477410256,-0.0188506324077354,-0.0179362714057783
NGC7814,214.0,0.0,4,NGC7814,2,14.4,0.66,2,90.0,1.0,74.529,0.343,2.08,2709.13,2.54,2635.3,1.07,12.15,218.9,7.0,1,Fr11,37.2645,1.4231000000000005,38.6876,2.340245761567932,2.330413773349191,1.5875717889332932,-0.3299474599819796,-0.2948208306712019
UGC02885,298.0,0.0,4,UGC02885,5,80.6,8.06,1,64.0,4.0,403.525,4.088,12.2,421.53,11.4,470.79,40.075,74.24,289.5,12.0,1,"Sa96,RA85",201.7625,53.29975000000001,255.06225,2.4616485680634552,2.4742162640762557,2.4066461864425657,0.0702880915364696,0.02796762592597
UGC06786,221.44444444444449,5.559998223643024,9,UGC06786,0,29.3,7.32,1,64.0,3.0,73.407,0.676,3.42,992.73,3.6,1078.52,5.03,20.31,219.4,7.8,1,"No07,No05",36.7035,6.689900000000001,43.3934,2.341236623238692,2.345264789261163,1.6374236797072008,-0.2835140351455383,-0.2962222274315316
UGC04278,89.08000000000001,3.0353912433160906,5,UGC04278,7,9.51,2.85,1,90.0,3.0,1.307,0.026,2.46,34.11,2.21,377.42,1.116,8.9,91.4,4.8,1,"dB02,Sw02",0.6535,1.4842800000000005,2.13778,1.9609461957338317,1.9497802083620008,0.3299630097118001,-0.2789753503042348,-0.238800854317588
NGC4559,121.14285714285714,1.2453996981544782,7,NGC4559,6,9.0,2.7,1,67.0,1.0,19.377,0.107,3.82,211.27,2.1,1602.62,5.811,21.16,121.2,5.1,1,Ba05,9.6885,7.728630000000001,17.41713,2.0835026198302677,2.083297812242457,1.240976593389751,0.209219414607729,0.2114216169455747
NGC4217,177.75,0.82915619758885,4,NGC4217,3,18.0,2.5,4,86.0,2.0,85.299,0.393,5.28,483.98,2.94,4373.51,2.562,16.7,181.3,7.2,1,"VS01,SV98",42.6495,3.40746,46.05696,2.258397804095509,2.249809609401804,1.6632952688692917,0.0281509093328691,0.0590808167207872
NGC5907,215.5,1.118033988749895,4,NGC5907,5,17.3,0.9,2,88.0,2.0,175.425,0.646,7.88,449.6,5.34,8646.29,21.025,0.0,215.0,2.9,1,"Sa96,SA87",87.7125,27.96325,115.67575,2.3324384599156054,2.3334472744967503,2.063242323990439,0.1726582119863811,0.1703805952372588
NGC5033,193.2,1.7204650534085253,5,NGC5033,5,15.7,4.7,1,66.0,1.0,110.509,0.407,2.94,2036.24,5.16,614.94,11.314,29.53,194.2,3.6,1,"Sa96,Be87",55.2545,15.04762,70.30212,2.288249225571986,2.2860071220794747,1.8469684216118485,0.1088368636464145,0.1178304264350704
UGC03205,216.0,4.6475800154489,10,UGC03205,2,50.0,10.0,1,67.0,4.0,113.642,1.361,5.35,587.26,3.19,3915.89,9.677,28.6,219.6,8.6,1,"No07,No05",56.821,12.87041,69.69140999999999,2.3416323357780544,2.3344537511509307,1.8431792512758864,-0.0791236691113468,-0.0531559932057117
UGC07151,74.23333333333333,1.5195028426721988,3,UGC07151,6,6.87,0.34,2,90.0,3.0,2.284,0.025,2.17,76.71,1.25,965.67,0.616,6.39,73.5,2.8,1,"Sw09,Sw02",1.142,0.81928,1.96128,1.866287339084195,1.870598962314376,0.292539599672016,0.0101736429340413,-0.0029568195540529
NGC5371,209.25,2.277608394786075,4,NGC5371,4,39.7,9.92,1,53.0,2.0,340.393,1.881,9.8,560.83,7.44,1395.82,11.18,30.03,209.5,3.9,1,"Sa96,Be87",170.1965,14.8694,185.0659,2.321184027302314,2.320665466665297,2.267326403592811,0.4155700065658876,0.4185767864874736
NGC3198,148.33333333333334,1.2472191289246473,9,NGC3198,5,13.8,1.4,3,73.0,3.0,38.279,0.212,5.84,178.99,3.14,1602.62,10.869,35.66,150.1,3.9,1,"Da06,Be91,Be87",19.1395,14.45577,33.59527,2.1763806922432702,2.1712387562612694,1.526278135797503,0.1740922470848871,0.1932245625876407
UGC02953,263.5652173913044,3.3728595396903422,23,UGC02953,2,16.5,4.95,1,50.0,4.0,259.518,0.717,5.03,1544.65,3.55,4215.31,7.678,24.0,264.9,6.0,2,"No07,No05",129.759,10.21174,139.97073999999998,2.423081958297231,2.4208880960140107,2.1460372586449896,-0.0572662982767688,-0.0485970622337692
UGC07524,80.62857142857145,1.8084834101804623,7,UGC07524,9,4.74,0.24,2,46.0,3.0,2.436,0.025,3.61,29.71,3.46,106.86,1.779,12.11,79.5,3.6,1,"Sw09,Sw02",1.218,2.36607,3.58407,1.9003671286564705,1.9064889650680532,0.5543764832213532,0.1544354872556966,0.1350177880646593
NGC6015,154.11111111111111,3.0711722135745005,9,NGC6015,6,17.0,5.1,1,60.0,2.0,32.129,0.237,3.92,331.76,2.3,1926.77,5.834,21.43,154.1,7.0,2,VM97,16.0645,7.75922,23.82372,2.187802638718419,2.18783395163396,1.3770095761783523,-0.0145819491807006,-0.0133167334668449
NGC3769,117.33333333333331,3.2998316455372216,3,NGC3769,3,18.0,2.5,4,70.0,2.0,18.679,0.189,2.18,626.37,3.38,160.26,5.529,22.57,118.6,8.4,2,"VS01,SV98",9.3395,7.35357,16.69307,2.074084689028244,2.0694214087584686,1.222536214537287,0.2232708321363179,0.2408709785608045
UGC06917,108.66666666666669,2.6246692913372702,3,UGC06917,9,18.0,2.5,4,56.0,2.0,6.832,0.12,4.52,53.07,2.76,261.11,2.023,12.67,108.7,3.5,1,"VS01,SV98",3.416,2.6905900000000003,6.106590000000001,2.0362295440862948,2.0360963453482768,0.7857987621908882,-0.0828666309677739,-0.0808562234981165
UGC03546,192.5,1.707825127659933,6,UGC03546,1,28.7,7.2,1,55.0,5.0,101.336,0.747,2.58,2403.42,3.79,922.21,2.675,18.37,196.9,7.4,1,"No07,No05",50.668,3.55775,54.22575,2.2942457161381182,2.28443073384452,1.7342055674839971,-0.0246138416210741,0.0105079462150148
NGC5985,291.85714285714283,4.085814184592883,7,NGC5985,3,39.7,9.9,1,60.0,2.0,208.728,1.538,10.71,288.95,7.01,1461.61,11.586,39.5,293.6,8.6,1,"Bl04,Br92",104.364,15.40938,119.77338,2.467756051244033,2.465170326618191,2.0783603055012234,-0.2790685642996502,-0.2690992437165453
UGC00128,130.4,3.1368774282716245,5,UGC00128,8,64.5,9.7,1,57.0,10.0,12.02,0.565,9.63,20.36,5.95,88.89,7.431,31.27,129.3,2.8,1,"VB99,VH93",6.01,9.88323,15.89323,2.111598524880394,2.115277591395901,1.201212168360524,0.072524310725565,0.0612897378682009
NGC3521,209.88888888888889,3.281071791162978,9,NGC3521,4,7.7,2.3,1,75.0,5.0,84.836,0.156,2.45,2232.7,2.4,2112.66,4.154,18.85,213.7,15.9,1,"Da06,Sa96",42.418,5.52482,47.94282,2.329804522164069,2.3219894484825088,1.6807235756805194,-0.2007734692275609,-0.1725953194573695
NGC6503,115.28571428571428,1.2777531299998797,7,NGC6503,6,6.26,0.31,2,74.0,2.0,12.845,0.059,1.62,774.16,2.16,398.87,1.744,14.05,116.3,2.4,1,"Be91,Be87",6.4225,2.31952,8.74202,2.0655797147284485,2.0617754947078137,0.941611795734016,-0.0283114839286676,-0.0136661389545883
NGC6946,157.58333333333334,1.7539637649874324,12,NGC6946,6,5.52,1.66,2,38.0,2.0,66.173,0.122,4.2,571.26,2.44,2232.7,5.67,21.25,158.9,10.9,1,Bo08,33.0865,7.5411,40.6276,2.2011238972073794,2.197510282797415,1.6088211679443754,0.1712713925767663,0.1851002551059204
UGC01230,103.66666666666669,0.9428090415820634,3,UGC01230,9,53.7,10.7,1,22.0,10.0,7.62,0.379,6.45,28.63,4.34,69.32,6.43,26.29,103.7,6.1,1,"dB02,VdH93",3.81,8.5519,12.3619,2.015778756389041,2.015639134307175,1.092085226100666,0.2939749095994528,0.2960314252634608
NGC4013,177.5,3.427827300200522,8,NGC4013,3,18.0,2.5,4,89.0,1.0,79.094,0.364,4.11,746.16,3.53,10205.4,2.967,31.35,172.9,7.1,2,"VS01,SV98",39.547,3.946110000000001,43.49311,2.2377949932739227,2.249198357391113,1.6384204632539277,0.0743556591065193,0.0363155418772933
NGC0247,106.0,1.1547005383792517,6,NGC0247,7,3.7,0.19,2,74.0,3.0,7.332,0.027,5.87,33.79,3.74,506.79,1.746,12.79,104.9,8.0,2,"Sa96,Ca90",3.666,2.32218,5.98818,2.020775488193558,2.0253058652647704,0.7772948464191478,-0.0380541603820849,-0.0521204257290095
NGC4183,110.8,1.469693845669907,5,NGC4183,6,18.0,2.5,4,82.0,2.0,10.838,0.15,4.47,86.46,2.79,1098.58,3.506,16.07,110.6,5.4,1,"VS01,SV98",5.419,4.66298,10.08198,2.04375512696868,2.044539760392411,1.003545831576814,0.108917229322301,0.1077512380930962
NGC2915,84.46666666666667,1.7688665548562117,6,NGC2915,11,4.06,0.2,2,56.0,4.0,0.641,0.008,0.53,347.4,0.55,313.93,0.508,7.16,83.5,6.3,2,El10,0.3205,0.67564,0.99614,1.921686475483602,1.92668535582776,-0.0016796204571363,-0.4751722160942815,-0.4907393669692846
NGC3741,50.08,0.9826494797230602,5,NGC3741,10,3.21,0.17,2,70.0,4.0,0.028,0.001,0.32,42.94,0.2,143.49,0.182,4.2,50.1,2.1,1,"Ge07,Bm05",0.014,0.24206,0.25606,1.6998377258672457,1.6996643202023731,-0.5916582588453451,-0.2997741967587856,-0.2972312402636553
NGC4100,160.4,4.317406628984582,5,NGC4100,4,18.0,2.5,4,73.0,2.0,59.394,0.328,4.93,388.0,2.15,8970.78,3.102,18.06,158.2,5.0,1,"VS01,SV98",29.697,4.12566,33.82266,2.1992064791616577,2.2052043639481447,1.5292077599114602,0.0982730635913167,0.0789333132361587
NGC0801,215.33333333333331,0.9428090415820634,3,NGC0801,5,80.7,8.07,1,80.0,1.0,312.57,3.455,7.76,818.14,8.72,1558.94,23.201,44.99,220.1,6.2,1,"Sa96,Br92",156.285,30.85733,187.14233,2.342620042553348,2.3331112632754216,2.2721720323217403,0.3464615303646647,0.3804699333099561
NGC4214,80.53333333333333,0.0942809041582009,3,NGC4214,10,2.87,0.14,2,15.0,10.0,1.141,0.008,0.7,363.77,0.51,1308.67,0.486,5.84,80.1,5.8,2,Le14,0.5705,0.6463800000000001,1.2168800000000002,1.9036325160842376,1.905975675229432,0.085247753326725,-0.3259588067674628,-0.3323394945536864
NGC3726,168.0,0.816496580927726,3,NGC3726,5,18.0,2.5,4,53.0,2.0,70.234,0.388,7.52,198.08,3.4,1789.91,6.473,22.2,168.0,6.2,2,"VS01,SV98",35.117,8.60909,43.72609,2.225309281725863,2.225309281725863,1.6407406443390509,0.1197514590106891,0.12108083454641
NGC4088,170.0,3.741657386773941,3,NGC4088,4,18.0,2.5,4,69.0,2.0,107.286,0.494,6.1,457.96,2.58,3988.69,8.226,22.25,171.7,6.9,1,"VS01,SV98",53.643,10.940580000000002,64.58358,2.2347702951609163,2.230448921378274,1.810122115180249,0.2564924986837034,0.2727245674113763
NGC1003,112.125,1.8328597873268972,8,NGC1003,6,11.4,3.42,1,67.0,5.0,6.82,0.075,2.76,140.87,1.61,1345.33,5.88,33.33,109.8,4.2,1,"Sa96,Br92",3.41,7.8204,11.2304,2.040602340114073,2.0497024560521484,1.050395225068138,0.1666437157405265,0.1367833235518456
UGC00731,73.9,0.0816496580927737,3,UGC00731,10,12.5,3.75,1,57.0,3.0,0.323,0.019,1.4,25.63,2.3,82.57,1.807,11.57,73.3,2.3,1,"Sw09,Sw02",0.1615,2.40331,2.56481,1.865103974641128,1.8686444383948255,0.4090551982946737,0.1307718407323534,0.1203041611377522
UGC05253,230.9333333333333,14.689981468863587,15,UGC05253,2,22.9,5.72,1,37.0,4.0,171.582,0.79,4.28,1488.78,8.07,189.16,16.396,36.64,213.7,7.1,2,"No07,No05",85.791,21.806680000000004,107.59768,2.329804522164069,2.363486624289628,2.031802907259177,0.1503058623510966,0.0352704638961824
UGC06787,245.8,6.987608079068735,15,UGC06787,2,21.3,5.32,1,66.0,3.0,98.256,0.543,2.88,1891.6,5.37,429.37,5.03,26.44,248.1,4.8,2,"No07,No05",49.128,6.689900000000001,55.8179,2.394626764272209,2.390581878550435,1.7467734932853978,-0.3583598402953993,-0.3432691089565531
UGC05721,78.7,0.4690415759823436,5,UGC05721,7,6.18,1.85,1,61.0,5.0,0.531,0.011,0.6,233.79,0.38,913.76,0.562,6.74,79.7,6.6,1,"dB02,Sw02",0.2655,0.7474600000000001,1.01296,1.9014583213961125,1.8959747323590648,0.0055922961773959,-0.3981133072221268,-0.3774800603591051
NGC2903,181.14285714285717,2.8996833043120622,7,NGC2903,4,6.6,1.98,1,66.0,3.0,81.863,0.151,4.54,632.16,2.33,1193.52,2.552,13.76,184.6,5.6,1,"Be91,Be87",40.9315,3.3941600000000003,44.32566,2.266231696689893,2.258021213531457,1.6466552108769956,-0.01551602413754,0.0141011683550711
NGC0289,164.5,5.090841449767088,6,NGC0289,4,20.8,5.2,1,46.0,5.0,72.065,0.465,2.69,1587.93,6.74,69.96,27.469,49.51,163.0,8.0,2,Wa97,36.0325,36.53377,72.56627,2.2121876044039577,2.216165902285993,1.8607348003579685,0.3850153113868597,0.3726302900979663
UGC05716,73.39999999999999,0.9416297927883702,3,UGC05716,9,21.3,5.3,1,54.0,10.0,0.588,0.042,1.84,27.59,1.14,90.54,1.094,10.64,73.1,1.2,2,vZ97,0.294,1.4550200000000002,1.7490200000000002,1.8639173769578603,1.8656960599160703,0.2427947756536201,-0.0313948280766294,-0.0357809246221674
NGC0100,88.84,1.861827059637928,5,NGC0100,6,13.5,4.05,1,89.0,1.0,3.232,0.063,2.81,64.99,1.66,1193.52,1.99,16.36,88.1,6.4,1,"dB02,Rh96",1.616,2.6467,4.262700000000001,1.944975908412048,1.9486085498764365,0.6296847689762021,0.0758437901911711,0.064964490221283
NGC0300,93.96,1.3720058308914007,5,NGC0300,7,2.08,0.1,2,42.0,10.0,2.922,0.008,1.77,147.51,1.75,437.35,0.936,9.2,93.3,7.0,2,"Sa96,CP90",1.461,1.2448800000000002,2.7058800000000005,1.9698816437465,1.9729430081055683,0.4323085326557604,-0.2074570614421736,-0.2163939458355511
NGC4157,185.25,0.82915619758885,4,NGC4157,3,18.0,2.5,4,82.0,3.0,105.62,0.486,4.44,848.85,2.32,23813.87,8.226,24.09,184.7,7.2,1,"VS01,SV98",52.81,10.940580000000002,63.75058000000001,2.2664668954402414,2.267758216651366,1.8044841403162464,0.1415014712334379,0.1383261057452571
NGC2976,83.01666666666667,3.835108284723594,6,NGC2976,5,3.58,0.18,2,61.0,10.0,3.371,0.019,1.31,308.2,1.01,1502.55,0.172,3.04,85.4,3.3,2,Si03,1.6855,0.22876,1.91426,1.931457870689005,1.91916529134874,0.2820009245048948,-0.225202917269729,-0.1811058481969896
UGC06446,83.125,1.849831073368596,4,UGC06446,7,12.0,3.6,1,51.0,3.0,0.988,0.032,2.06,37.05,1.49,86.46,1.379,10.33,82.2,4.3,1,"VS01,SV98",0.494,1.83407,2.3280700000000003,1.9148718175400503,1.919731658311161,0.366996034464401,-0.0829860382178684,-0.0980653633585473
NGC2841,284.1,5.629387178015027,10,NGC2841,3,14.1,1.4,3,76.0,10.0,188.121,0.52,5.51,983.63,3.64,4751.49,9.775,45.12,284.8,8.6,1,"Di08,Be91",94.0605,13.000750000000002,107.06125,2.4545399849648186,2.453471233722936,2.0296323097081004,-0.2822012224831081,-0.2774517543843142
NGC3877,170.0,0.816496580927726,3,NGC3877,5,18.0,2.5,4,76.0,1.0,72.535,0.401,4.39,598.18,2.53,3410.59,1.483,11.47,168.4,5.1,2,"VS01,SV98",36.2675,1.9723900000000003,38.23989,2.226342087163631,2.230448921378274,1.5825166343242056,0.0579642773511777,0.0451190865553332
NGC5055,177.16666666666666,3.023059524536176,6,NGC5055,4,9.9,0.3,2,55.0,6.0,152.922,0.282,4.18,1383.02,3.2,3348.34,11.722,35.06,179.0,4.9,1,"Ba06,Bl04",76.461,15.59026,92.05126,2.2528530309798933,2.248382014139653,1.9640297375146891,0.3480148070257822,0.3647421503623071
NGC6195,251.0,4.979959839195493,5,NGC6195,3,127.8,12.8,1,62.0,5.0,391.076,6.123,9.52,686.8,13.94,174.11,20.907,40.89,251.7,9.3,1,SG06,195.538,27.80631,223.34431,2.4008832155483626,2.399673721481038,2.3489748927063148,0.2222568453273354,0.2275548518635042
NGC2998,209.66666666666663,4.714045207910316,3,NGC2998,5,68.1,10.2,1,58.0,2.0,150.902,2.085,7.06,479.55,6.2,774.16,23.451,43.58,209.9,8.1,1,"Sa96,Br92",75.451,31.18983,106.64083,2.3220124385824006,2.3215293907256065,2.027923516591636,0.1733091063558491,0.1761923561000928
NGC5585,90.76,1.121784292990411,5,NGC5585,7,7.06,2.12,1,51.0,2.0,2.943,0.033,2.27,90.54,1.53,297.05,1.683,10.92,90.3,2.4,1,"Bl99,Sa96,Co91",1.4715,2.2383900000000003,3.709890000000001,1.9556877503135055,1.9578944872128985,0.5693610327683507,-0.0214357267762312,-0.0274065361619777
NGC2403,134.26666666666668,1.0624918300339483,15,NGC2403,6,3.16,0.16,2,63.0,3.0,10.041,0.028,2.16,341.06,1.39,1408.74,3.199,15.11,131.2,4.9,1,"Da06,Fr02",5.0205,4.25467,9.27517,2.1179338350396413,2.127968207161918,0.9673218783286276,-0.1832227557078792,-0.2163979450624406
NGC3109,66.16,0.9604165762834342,5,NGC3109,9,1.33,0.07,2,70.0,5.0,0.194,0.002,1.64,11.4,1.56,140.87,0.477,6.0,66.2,2.6,1,"Be91,JC90",0.097,0.63441,0.73141,1.8208579894397,1.8205954965444904,-0.1358391061867493,-0.2614741196419968,-0.2587653777540118
UGC02916,200.44444444444449,13.64723098581712,9,UGC02916,2,65.4,9.8,1,50.0,5.0,124.153,1.83,2.8,2425.66,6.15,520.99,23.273,34.24,182.7,6.9,2,"No07,No05",62.0765,30.95309,93.02959,2.2617385473525378,2.301994023766598,1.968621106938608,0.3219512061818748,0.1843096964339825
UGC06983,108.5,0.5,4,UGC06983,6,18.0,2.5,4,49.0,1.0,5.298,0.102,3.95,53.56,3.21,121.57,2.967,16.07,109.0,5.8,1,"VS01,SV98",2.649,3.946110000000001,6.59511,2.037426497940624,2.0354297381845483,0.8192220435510131,-0.0535728321585315,-0.0451323716694471
UGC05005,99.5,0.3741657386773956,3,UGC05005,10,53.7,10.7,1,41.0,10.0,4.1,0.283,5.02,25.63,3.2,65.59,3.093,21.61,98.9,7.2,1,"dB02,VH93",2.05,4.11369,6.16369,1.9951962915971797,1.9978230807457251,0.7898407879511605,0.0627398331765881,0.0552731050551681
NGC6674,243.33333333333331,1.8856180831641267,3,NGC6674,3,51.2,10.2,1,54.0,6.0,214.654,1.977,7.75,560.83,6.04,1370.35,32.165,50.02,241.3,4.9,1,"Sa96,Br92",107.327,42.77945,150.10645,2.3825573219087857,2.3862016054007933,2.176399354063552,0.1129055134827408,0.1014737916623649
UGC02487,331.0,1.5811388300841898,4,UGC02487,0,69.1,10.4,1,36.0,5.0,489.955,4.061,9.63,818.14,7.89,1150.35,17.963,40.2,332.0,3.5,1,"No07,No05",244.9775,23.890790000000003,268.86829,2.521138083704036,2.519827993775719,2.429539585079066,-0.1120569289271067,-0.1065525228390846
NGC0891,212.75,3.832427429188973,4,NGC0891,3,9.91,0.5,2,90.0,1.0,138.34,0.255,3.68,1617.45,2.55,5067.92,4.462,18.16,216.1,5.7,1,Fr11,69.17,5.93446,75.10446,2.3346547668832414,2.327869568756625,1.8756657278946636,-0.0225646278782356,0.002053574912896
UGC03580,121.3,6.558200972827838,10,UGC03580,1,20.7,5.2,1,63.0,4.0,13.266,0.195,1.84,614.94,2.43,302.57,4.37,19.97,126.2,3.2,2,"No07,No05",6.633,5.8121,12.4451,2.101059354908116,2.083860800866573,1.094998390641173,0.0026705967997397,0.0635004482745735
NGC5005,264.5,0.5,4,NGC5005,4,16.9,1.5,5,68.0,2.0,178.72,0.494,3.97,1789.91,9.45,96.57,1.28,10.41,262.2,20.7,1,Ri15,89.36,1.7024,91.0624,2.4186326873540653,2.4224256763712044,1.9593390921946745,-0.2286145106269317,-0.2406016702515399
UGC06614,203.66666666666663,1.247219128924647,3,UGC06614,1,88.7,8.87,1,36.0,10.0,124.35,2.52,3.68,1461.61,5.1,540.54,21.888,60.63,199.8,16.0,1,"dB01,VH93",62.175,29.111040000000003,91.28604,2.300595483889964,2.308919955522892,1.9604043677367131,0.1796783036352376,0.1521904327279111
UGC07125,65.16666666666667,0.2494438257849279,3,UGC07125,9,19.8,5.9,1,90.0,3.0,2.712,0.08,3.92,28.11,3.38,103.0,4.629,23.04,65.2,2.1,1,"Sw09,Sw02",1.356,6.156569999999999,7.512569999999999,1.81424759573192,1.8140255070122235,0.8757885316626562,0.7729593309561739,0.7755363697044705
UGC01281,55.620000000000005,0.99478640923567,5,UGC01281,8,5.27,0.24,2,90.0,1.0,0.353,0.009,2.01,13.83,1.63,135.78,0.294,5.26,55.2,3.5,1,"dB02,Sw02",0.1765,0.39102,0.56752,1.741939077729199,1.7452309845281406,-0.2460188288721324,-0.0993841406471588,-0.1088498297086223
NGC7331,238.375,1.8666480653835096,8,NGC7331,3,14.7,1.5,3,75.0,2.0,250.631,0.693,3.99,2470.76,5.02,1806.47,11.067,27.01,239.0,5.4,1,"Be91,Be87",125.3155,14.71911,140.03461,2.378397900948137,2.377260706054062,2.146235386209625,0.0970915192862365,0.102166331386702
NGC4010,124.33333333333331,2.0548046676563256,3,NGC4010,7,18.0,2.5,4,89.0,1.0,17.193,0.19,6.63,14.75,2.81,2611.14,2.832,17.59,125.8,4.7,2,"VS01,SV98",8.5965,3.76656,12.36306,2.0996806411092503,2.094587577089025,1.0921259769531957,0.0045547362190379,0.0236081735007593
UGC05986,109.33333333333331,2.0548046676563256,3,UGC05986,9,8.63,2.59,1,90.0,3.0,4.695,0.048,3.12,76.71,1.67,1725.16,2.667,16.53,113.0,4.1,2,"Sw09,Sw02",2.3475,3.54711,5.89461,2.05307844348342,2.0387525889920166,0.7704550765301885,-0.1563389034661062,-0.1053670408917932
NGC2683,155.33333333333334,3.6817870057290873,3,NGC2683,3,9.81,0.49,2,80.0,5.0,80.415,0.222,3.34,1139.8,2.18,10205.4,1.406,13.79,154.0,8.1,2,"Sa96,Br92",40.2075,1.86998,42.07748,2.187520720836463,2.191264661970337,1.6240497222372714,0.2334308116286607,0.221883469495973
NGC1090,161.8,0.9797958971132712,5,NGC1090,4,37.0,9.25,1,64.0,3.0,72.045,0.796,6.36,283.68,3.53,2055.09,8.783,30.49,164.4,3.7,1,Ge04,36.0225,11.68139,47.70389,2.215901813204032,2.208978517276253,1.6785537949028326,0.1900203111609413,0.2152541271335375
NGC3917,137.25,0.4330127018922193,4,NGC3917,6,18.0,2.5,4,79.0,2.0,21.966,0.202,5.56,112.94,2.63,1226.96,1.888,14.08,135.9,4.1,1,"VS01,SV98",10.983,2.51104,13.49404,2.1332194567324945,2.1375123531221294,1.1301419931879977,-0.0731379303767865,-0.0865162406166712
UGC08550,57.53333333333333,0.2054804667656324,3,UGC08550,7,6.7,2.0,1,90.0,3.0,0.289,0.009,1.01,45.38,0.45,1284.78,0.288,5.59,56.9,1.9,1,"Sw09,Sw02",0.1445,0.38304,0.52754,1.7551122663950711,1.7599195366595284,-0.277744604995836,-0.176557326909908,-0.191268204258858
UGC08286,83.7,0.4062019202317959,4,UGC08286,6,6.5,0.21,2,90.0,3.0,1.255,0.018,2.25,39.52,1.05,1488.78,0.642,8.07,82.4,2.3,1,"Sw09,Sw02",0.6275,0.8538600000000001,1.48136,1.915927211697116,1.92272545799326,0.1706606135612811,-0.2829625616916034,-0.3047328771525541
UGC12632,73.1,0.0816496580927737,3,UGC12632,9,9.77,2.93,1,46.0,3.0,1.301,0.03,3.94,13.09,2.42,66.81,1.744,12.6,71.7,2.8,1,"Sw09,Sw02",0.6505,2.31952,2.9700200000000003,1.8555191556678,1.8639173769578603,0.4727593738493312,0.2275435757092678,0.2003221996938953
UGC11455,269.5,4.847679857416329,8,UGC11455,6,78.6,11.8,1,90.0,1.0,374.322,3.792,10.06,571.26,5.93,9568.2,13.335,43.44,269.4,7.4,1,SG06,187.161,17.735550000000003,204.89655,2.430397591386966,2.430558769522757,2.311534645914242,0.0829922052347997,0.0835252473349781
UGC12506,230.28571428571428,3.989782869648269,7,UGC12506,6,100.6,10.1,1,86.0,4.0,139.571,3.214,12.36,144.82,7.38,5608.28,35.556,59.01,234.0,16.8,2,Ha14,69.7855,47.28948,117.07498,2.369215857410143,2.362266997454815,2.068464092263296,0.0509982122852346,0.0761407808020955
UGCA444,35.900000000000006,1.6093476939431082,8,UGCA444,10,0.98,0.05,2,78.0,4.0,0.012,0.0,0.41,11.94,0.83,22.74,0.067,2.08,37.0,4.8,2,Ke07,0.006,0.08911,0.09511,1.568201724066995,1.5550944485783191,-1.021773818325474,-0.2757464569495709,-0.2284125017095308
UGC09037,150.6,5.2,5,UGC09037,6,83.6,8.4,1,65.0,5.0,68.614,1.769,5.69,334.83,4.28,841.07,19.078,39.72,152.3,9.6,2,Ha14,34.307,25.37374,59.68074,2.182699903336043,2.177824971864682,1.775834199449937,0.4018470760041939,0.4200505178027087
UGC11914,286.46153846153845,6.535293350079829,13,UGC11914,2,16.9,5.1,1,31.0,5.0,150.028,0.553,3.12,2425.66,2.44,3168.33,0.888,9.26,288.1,10.5,1,"No07,No05",75.014,1.18104,76.19503999999999,2.459543258280413,2.4570663200024683,1.881926701382376,-0.4471680892769996,-0.4375645940999604
UGC09133,228.78571428571428,5.9061538297968905,14,UGC09133,2,57.1,11.4,1,53.0,6.0,282.926,2.345,5.92,1284.78,6.97,864.63,33.428,60.35,226.8,4.2,1,"No07,No05",141.463,44.45924,185.92224,2.355643050220869,2.3594289029855835,2.2693313431423534,0.2986915544558557,0.2868027603881349
UGC08490,77.61666666666667,0.6693695209341075,6,UGC08490,9,4.65,0.53,2,50.0,3.0,1.017,0.012,1.14,124.98,0.67,576.54,0.72,7.8,78.6,3.8,1,"Sw09,Sw02",0.5085,0.9576,1.4661,1.895422546039408,1.889954987549088,0.1661635937478342,-0.2167186262552334,-0.196133637810197
UGC08699,180.33333333333331,3.265986323710904,9,UGC08699,2,39.3,9.82,1,73.0,9.0,50.302,0.695,1.91,2191.95,3.09,1370.35,3.738,19.05,182.4,6.9,2,"No07,No05",25.151,4.97154,30.12254,2.2610248339923973,2.256076010386907,1.4788915897555706,-0.1653160048258897,-0.1469492382178625
UGC07603,62.833333333333336,1.0274023338281628,3,UGC07603,7,4.7,1.41,1,78.0,3.0,0.376,0.008,0.85,81.81,0.53,520.99,0.258,4.37,61.6,2.8,1,"Sw09,Sw02",0.188,0.34314,0.53114,1.7895807121644254,1.7981900998221492,-0.2747909907572367,-0.292519613101221,-0.3203925697017508
