galaxy,Vout,Verr,n_points,Galaxy,T,D,e_D,f_D,Inc,e_Inc,L36,e_L36,Reff,SBeff,Rdisk,SBdisk,MHI,RHI,Vflat,e_Vflat,Q,Ref,Mstar,Mgas,Mbar
F568-3,111.25,7.628073151196179,4,F568-3,7,82.4,8.24,1,40.0,10.0,8.346,0.592,7.47,23.81,4.99,132.08,3.195,16.14,0.0,0.0,1,"KN08,dB96",4.173,4.24935,8.42235
F568-1,135.0,5.0990195135927845,3,F568-1,5,90.7,9.7,1,26.0,5.0,6.252,0.564,7.0,20.36,5.18,57.13,4.498,16.31,0.0,0.0,1,"dB01,dB96",3.126,5.982340000000001,9.10834
F571-8,139.66666666666666,3.6817870057290873,3,F571-8,5,53.3,10.7,1,85.0,5.0,10.164,0.412,1.4,825.71,3.56,87.26,1.782,24.55,139.7,4.3,1,"dB01,dB96",5.082,2.37006,7.4520599999999995
F568-V1,114.0,2.943920288775949,3,F568-V1,7,80.6,8.06,1,40.0,10.0,3.825,0.384,4.4,31.39,2.85,90.54,2.491,14.38,112.3,15.8,1,"dB01,dB96",1.9125,3.3130300000000004,5.225530000000001
F563-1,110.25,2.5124689052802225,4,F563-1,9,48.9,9.8,1,25.0,5.0,1.903,0.17,4.61,14.22,3.52,41.77,3.2,23.47,109.9,12.5,1,"KN08,dB96",0.9515,4.256,5.2075000000000005
ESO563-G021,316.8333333333333,3.6247605284885913,6,ESO563-G021,4,60.8,9.1,1,83.0,3.0,311.177,2.579,10.59,429.37,5.45,6558.89,24.298,55.71,314.6,11.7,1,SG06,155.5885,32.31634,187.90484
F574-1,99.33333333333333,0.3858612300930097,3,F574-1,7,96.8,9.68,1,65.0,10.0,6.537,0.596,5.87,29.98,4.46,128.48,3.524,16.19,97.8,4.1,1,"dB01,dB96",3.2685,4.686920000000001,7.95542
D631-7,57.97500000000001,0.49686517285879506,4,D631-7,10,7.72,0.18,2,59.0,3.0,0.196,0.009,1.22,20.93,0.7,115.04,0.29,0.0,57.7,2.7,1,"Tr09,dB01",0.098,0.3857,0.4837
DDO161,66.70000000000002,0.414039335605414,7,DDO161,10,7.5,2.25,1,70.0,10.0,0.548,0.015,2.04,20.74,1.22,169.37,1.378,10.69,66.3,1.9,1,Co00,0.274,1.83274,2.1067400000000003
ESO079-G014,176.66666666666666,1.247219128924647,3,ESO079-G014,4,28.7,7.17,1,79.0,5.0,51.733,0.524,7.23,157.34,5.08,2295.25,3.14,17.67,175.0,3.5,1,Ge04,25.8665,4.176200000000001,30.0427
DDO154,47.03333333333333,1.1323525167642028,3,DDO154,10,4.04,0.2,2,64.0,3.0,0.053,0.002,0.65,19.99,0.37,71.26,0.275,4.96,47.0,1.0,2,"Be91,CB89",0.0265,0.3657500000000001,0.3922500000000001
ESO116-G012,111.0,0.816496580927726,3,ESO116-G012,7,13.0,3.9,1,74.0,3.0,4.292,0.071,2.75,90.54,1.51,1320.78,1.083,9.58,109.1,3.1,1,Ge04,2.146,1.44039,3.5863899999999997
DDO064,46.53333333333333,0.26246692913372743,3,DDO064,10,6.8,2.04,1,60.0,5.0,0.157,0.007,1.2,17.41,0.69,151.65,0.211,3.49,46.1,3.9,1,"dB02,Sw02",0.0785,0.28063,0.35913
UGC04278,89.08000000000001,3.0353912433160906,5,UGC04278,7,9.51,2.85,1,90.0,3.0,1.307,0.026,2.46,34.11,2.21,377.42,1.116,8.9,91.4,4.8,1,"dB02,Sw02",0.6535,1.4842800000000003,2.1377800000000002
NGC7793,106.53,8.297475519698748,10,NGC7793,7,3.61,0.18,2,47.0,9.0,7.05,0.026,2.19,233.79,1.21,1068.64,0.861,7.35,0.0,0.0,1,"Di08,Sa96,CP90",3.525,1.14513,4.67013
UGC02916,200.44444444444446,13.647230985817119,9,UGC02916,2,65.4,9.8,1,50.0,5.0,124.153,1.83,2.8,2425.66,6.15,520.99,23.273,34.24,182.7,6.9,2,"No07,No05",62.0765,30.95309,93.02959
NGC6674,243.33333333333334,1.8856180831641267,3,NGC6674,3,51.2,10.2,1,54.0,6.0,214.654,1.977,7.75,560.83,6.04,1370.35,32.165,50.02,241.3,4.9,1,"Sa96,Br92",107.327,42.779450000000004,150.10645
NGC7331,238.375,1.8666480653835098,8,NGC7331,3,14.7,1.5,3,75.0,2.0,250.631,0.693,3.99,2470.76,5.02,1806.47,11.067,27.01,239.0,5.4,1,"Be91,Be87",125.3155,14.71911,140.03461
UGC00128,130.4,3.1368774282716245,5,UGC00128,8,64.5,9.7,1,57.0,10.0,12.02,0.565,9.63,20.36,5.95,88.89,7.431,31.27,129.3,2.8,1,"VB99,VH93",6.01,9.883230000000001,15.89323
UGC02885,298.0,0.0,4,UGC02885,5,80.6,8.06,1,64.0,4.0,403.525,4.088,12.2,421.53,11.4,470.79,40.075,74.24,289.5,12.0,1,"Sa96,RA85",201.7625,53.29975000000001,255.06225
UGC03546,192.5,1.707825127659933,6,UGC03546,1,28.7,7.2,1,55.0,5.0,101.336,0.747,2.58,2403.42,3.79,922.21,2.675,18.37,196.9,7.4,1,"No07,No05",50.668,3.55775,54.22575
UGC02953,263.5652173913044,3.3728595396903422,23,UGC02953,2,16.5,4.95,1,50.0,4.0,259.518,0.717,5.03,1544.65,3.55,4215.31,7.678,24.0,264.9,6.0,2,"No07,No05",129.759,10.21174,139.97073999999998
NGC7814,214.0,0.0,4,NGC7814,2,14.4,0.66,2,90.0,1.0,74.529,0.343,2.08,2709.13,2.54,2635.3,1.07,12.15,218.9,7.0,1,Fr11,37.2645,1.4231000000000003,38.687599999999996
NGC6946,157.58333333333334,1.7539637649874324,12,NGC6946,6,5.52,1.66,2,38.0,2.0,66.173,0.122,4.2,571.26,2.44,2232.7,5.67,21.25,158.9,10.9,1,Bo08,33.0865,7.5411,40.6276
UGC02487,331.0,1.5811388300841898,4,UGC02487,0,69.1,10.4,1,36.0,5.0,489.955,4.061,9.63,818.14,7.89,1150.35,17.963,40.2,332.0,3.5,1,"No07,No05",244.9775,23.890790000000003,268.86829
UGC03580,121.3,6.558200972827838,10,UGC03580,1,20.7,5.2,1,63.0,4.0,13.266,0.195,1.84,614.94,2.43,302.57,4.37,19.97,126.2,3.2,2,"No07,No05",6.633,5.8121,12.4451
UGC00731,73.9,0.08164965809277376,3,UGC00731,10,12.5,3.75,1,57.0,3.0,0.323,0.019,1.4,25.63,2.3,82.57,1.807,11.57,73.3,2.3,1,"Sw09,Sw02",0.1615,2.40331,2.56481
UGC03205,216.0,4.6475800154489,10,UGC03205,2,50.0,10.0,1,67.0,4.0,113.642,1.361,5.35,587.26,3.19,3915.89,9.677,28.6,219.6,8.6,1,"No07,No05",56.821,12.87041,69.69140999999999
UGC01281,55.620000000000005,0.99478640923567,5,UGC01281,8,5.27,0.24,2,90.0,1.0,0.353,0.009,2.01,13.83,1.63,135.78,0.294,5.26,55.2,3.5,1,"dB02,Sw02",0.1765,0.39102,0.56752
UGC01230,103.66666666666667,0.9428090415820634,3,UGC01230,9,53.7,10.7,1,22.0,10.0,7.62,0.379,6.45,28.63,4.34,69.32,6.43,26.29,103.7,6.1,1,"dB02,VdH93",3.81,8.5519,12.3619
NGC4088,170.0,3.7416573867739413,3,NGC4088,4,18.0,2.5,4,69.0,2.0,107.286,0.494,6.1,457.96,2.58,3988.69,8.226,22.25,171.7,6.9,1,"VS01,SV98",53.643,10.940580000000002,64.58358
NGC5005,264.5,0.5,4,NGC5005,4,16.9,1.5,5,68.0,2.0,178.72,0.494,3.97,1789.91,9.45,96.57,1.28,10.41,262.2,20.7,1,Ri15,89.36,1.7024000000000001,91.0624
NGC6195,251.0,4.979959839195493,5,NGC6195,3,127.8,12.8,1,62.0,5.0,391.076,6.123,9.52,686.8,13.94,174.11,20.907,40.89,251.7,9.3,1,SG06,195.538,27.80631,223.34431
NGC4010,124.33333333333333,2.0548046676563256,3,NGC4010,7,18.0,2.5,4,89.0,1.0,17.193,0.19,6.63,14.75,2.81,2611.14,2.832,17.59,125.8,4.7,2,"VS01,SV98",8.5965,3.76656,12.36306
NGC4157,185.25,0.82915619758885,4,NGC4157,3,18.0,2.5,4,82.0,3.0,105.62,0.486,4.44,848.85,2.32,23813.87,8.226,24.09,184.7,7.2,1,"VS01,SV98",52.81,10.940580000000002,63.75058000000001
NGC5585,90.75999999999999,1.121784292990411,5,NGC5585,7,7.06,2.12,1,51.0,2.0,2.943,0.033,2.27,90.54,1.53,297.05,1.683,10.92,90.3,2.4,1,"Bl99,Sa96,Co91",1.4715,2.2383900000000003,3.7098900000000006
NGC5371,209.25,2.277608394786075,4,NGC5371,4,39.7,9.92,1,53.0,2.0,340.393,1.881,9.8,560.83,7.44,1395.82,11.18,30.03,209.5,3.9,1,"Sa96,Be87",170.1965,14.8694,185.0659
NGC4013,177.5,3.427827300200522,8,NGC4013,3,18.0,2.5,4,89.0,1.0,79.094,0.364,4.11,746.16,3.53,10205.4,2.967,31.35,172.9,7.1,2,"VS01,SV98",39.547,3.9461100000000005,43.493109999999994
NGC5033,193.2,1.7204650534085253,5,NGC5033,5,15.7,4.7,1,66.0,1.0,110.509,0.407,2.94,2036.24,5.16,614.94,11.314,29.53,194.2,3.6,1,"Sa96,Be87",55.2545,15.04762,70.30212
NGC5985,291.85714285714283,4.085814184592883,7,NGC5985,3,39.7,9.9,1,60.0,2.0,208.728,1.538,10.71,288.95,7.01,1461.61,11.586,39.5,293.6,8.6,1,"Bl04,Br92",104.364,15.40938,119.77338
NGC4100,160.4,4.317406628984582,5,NGC4100,4,18.0,2.5,4,73.0,2.0,59.394,0.328,4.93,388.0,2.15,8970.78,3.102,18.06,158.2,5.0,1,"VS01,SV98",29.697,4.12566,33.82266
NGC6015,154.11111111111111,3.0711722135745005,9,NGC6015,6,17.0,5.1,1,60.0,2.0,32.129,0.237,3.92,331.76,2.3,1926.77,5.834,21.43,154.1,7.0,2,VM97,16.0645,7.75922,23.823719999999998
NGC4183,110.8,1.4696938456699067,5,NGC4183,6,18.0,2.5,4,82.0,2.0,10.838,0.15,4.47,86.46,2.79,1098.58,3.506,16.07,110.6,5.4,1,"VS01,SV98",5.419,4.66298,10.08198
NGC6503,115.28571428571429,1.2777531299998797,7,NGC6503,6,6.26,0.31,2,74.0,2.0,12.845,0.059,1.62,774.16,2.16,398.87,1.744,14.05,116.3,2.4,1,"Be91,Be87",6.4225,2.3195200000000002,8.74202
NGC4217,177.75,0.82915619758885,4,NGC4217,3,18.0,2.5,4,86.0,2.0,85.299,0.393,5.28,483.98,2.94,4373.51,2.562,16.7,181.3,7.2,1,"VS01,SV98",42.6495,3.40746,46.056960000000004
NGC5055,177.16666666666666,3.0230595245361758,6,NGC5055,4,9.9,0.3,2,55.0,6.0,152.922,0.282,4.18,1383.02,3.2,3348.34,11.722,35.06,179.0,4.9,1,"Ba06,Bl04",76.461,15.59026,92.05126
NGC4214,80.53333333333333,0.09428090415820098,3,NGC4214,10,2.87,0.14,2,15.0,10.0,1.141,0.008,0.7,363.77,0.51,1308.67,0.486,5.84,80.1,5.8,2,Le14,0.5705,0.6463800000000001,1.2168800000000002
NGC4559,121.14285714285714,1.2453996981544782,7,NGC4559,6,9.0,2.7,1,67.0,1.0,19.377,0.107,3.82,211.27,2.1,1602.62,5.811,21.16,121.2,5.1,1,Ba05,9.6885,7.728630000000001,17.41713
NGC5907,215.5,1.118033988749895,4,NGC5907,5,17.3,0.9,2,88.0,2.0,175.425,0.646,7.88,449.6,5.34,8646.29,21.025,0.0,215.0,2.9,1,"Sa96,SA87",87.7125,27.96325,115.67575000000001
NGC3917,137.25,0.4330127018922193,4,NGC3917,6,18.0,2.5,4,79.0,2.0,21.966,0.202,5.56,112.94,2.63,1226.96,1.888,14.08,135.9,4.1,1,"VS01,SV98",10.983,2.51104,13.49404
NGC3769,117.33333333333333,3.2998316455372216,3,NGC3769,3,18.0,2.5,4,70.0,2.0,18.679,0.189,2.18,626.37,3.38,160.26,5.529,22.57,118.6,8.4,2,"VS01,SV98",9.3395,7.35357,16.69307
NGC0801,215.33333333333334,0.9428090415820634,3,NGC0801,5,80.7,8.07,1,80.0,1.0,312.57,3.455,7.76,818.14,8.72,1558.94,23.201,44.99,220.1,6.2,1,"Sa96,Br92",156.285,30.85733,187.14233
NGC1090,161.8,0.9797958971132712,5,NGC1090,4,37.0,9.25,1,64.0,3.0,72.045,0.796,6.36,283.68,3.53,2055.09,8.783,30.49,164.4,3.7,1,Ge04,36.0225,11.68139,47.70389
NGC1003,112.125,1.8328597873268975,8,NGC1003,6,11.4,3.42,1,67.0,5.0,6.82,0.075,2.76,140.87,1.61,1345.33,5.88,33.33,109.8,4.2,1,"Sa96,Br92",3.41,7.8204,11.2304
NGC3726,168.0,0.816496580927726,3,NGC3726,5,18.0,2.5,4,53.0,2.0,70.234,0.388,7.52,198.08,3.4,1789.91,6.473,22.2,168.0,6.2,2,"VS01,SV98",35.117,8.60909,43.72609
NGC1705,71.53333333333333,0.2054804667656324,3,NGC1705,11,5.73,0.29,2,80.0,10.0,0.533,0.01,0.49,347.4,0.39,587.26,0.139,2.36,71.9,4.3,3,Le14,0.2665,0.18487000000000003,0.45137000000000005
NGC2998,209.66666666666666,4.714045207910316,3,NGC2998,5,68.1,10.2,1,58.0,2.0,150.902,2.085,7.06,479.55,6.2,774.16,23.451,43.58,209.9,8.1,1,"Sa96,Br92",75.451,31.18983,106.64083
NGC2403,134.26666666666668,1.0624918300339485,15,NGC2403,6,3.16,0.16,2,63.0,3.0,10.041,0.028,2.16,341.06,1.39,1408.74,3.199,15.11,131.2,4.9,1,"Da06,Fr02",5.0205,4.25467,9.27517
NGC2915,84.46666666666667,1.7688665548562115,6,NGC2915,11,4.06,0.2,2,56.0,4.0,0.641,0.008,0.53,347.4,0.55,313.93,0.508,7.16,83.5,6.3,2,El10,0.3205,0.67564,0.99614
NGC3198,148.33333333333334,1.2472191289246473,9,NGC3198,5,13.8,1.4,3,73.0,3.0,38.279,0.212,5.84,178.99,3.14,1602.62,10.869,35.66,150.1,3.9,1,"Da06,Be91,Be87",19.1395,14.455770000000001,33.59527
NGC3109,66.16,0.9604165762834342,5,NGC3109,9,1.33,0.07,2,70.0,5.0,0.194,0.002,1.64,11.4,1.56,140.87,0.477,6.0,66.2,2.6,1,"Be91,JC90",0.097,0.63441,0.73141
NGC3877,170.0,0.816496580927726,3,NGC3877,5,18.0,2.5,4,76.0,1.0,72.535,0.401,4.39,598.18,2.53,3410.59,1.483,11.47,168.4,5.1,2,"VS01,SV98",36.2675,1.9723900000000003,38.239889999999995
NGC3521,209.88888888888889,3.281071791162978,9,NGC3521,4,7.7,2.3,1,75.0,5.0,84.836,0.156,2.45,2232.7,2.4,2112.66,4.154,18.85,213.7,15.9,1,"Da06,Sa96",42.418,5.52482,47.94282
NGC0289,164.5,5.090841449767088,6,NGC0289,4,20.8,5.2,1,46.0,5.0,72.065,0.465,2.69,1587.93,6.74,69.96,27.469,49.51,163.0,8.0,2,Wa97,36.0325,36.533770000000004,72.56627
NGC0300,93.96000000000001,1.3720058308914007,5,NGC0300,7,2.08,0.1,2,42.0,10.0,2.922,0.008,1.77,147.51,1.75,437.35,0.936,9.2,93.3,7.0,2,"Sa96,CP90",1.461,1.2448800000000002,2.7058800000000005
NGC2366,49.800000000000004,0.9814954576223638,6,NGC2366,10,3.27,0.16,2,68.0,5.0,0.236,0.005,1.08,31.98,0.65,113.98,0.647,6.94,50.2,3.2,3,Le14,0.118,0.8605100000000001,0.9785100000000001
NGC0891,212.75,3.832427429188973,4,NGC0891,3,9.91,0.5,2,90.0,1.0,138.34,0.255,3.68,1617.45,2.55,5067.92,4.462,18.16,216.1,5.7,1,Fr11,69.17,5.93446,75.10446
NGC3741,50.08,0.9826494797230602,5,NGC3741,10,3.21,0.17,2,70.0,4.0,0.028,0.001,0.32,42.94,0.2,143.49,0.182,4.2,50.1,2.1,1,"Ge07,Bm05",0.014,0.24206,0.25606
NGC2955,250.6,13.305637902783918,5,NGC2955,3,97.9,9.8,1,56.0,7.0,319.422,4.413,7.22,974.61,18.76,50.68,28.949,40.34,0.0,0.0,1,SG06,159.711,38.50217000000001,198.21317000000002
NGC2976,83.01666666666667,3.835108284723594,6,NGC2976,5,3.58,0.18,2,61.0,10.0,3.371,0.019,1.31,308.2,1.01,1502.55,0.172,3.04,85.4,3.3,2,Si03,1.6855,0.22876,1.91426
F579-V1,114.0,0.0,3,F579-V1,5,89.5,8.95,1,26.0,10.0,11.848,0.742,5.76,56.6,3.37,201.76,2.245,20.96,112.1,13.4,1,"dB01,dB96",5.924,2.98585,8.90985
IC4202,241.71428571428572,5.337583340648401,7,IC4202,4,100.4,10.0,1,90.0,1.0,179.749,3.311,8.55,391.59,4.78,8888.53,12.326,32.13,242.6,11.0,1,SG06,89.8745,16.39358,106.26808
NGC2903,181.14285714285714,2.8996833043120622,7,NGC2903,4,6.6,1.98,1,66.0,3.0,81.863,0.151,4.54,632.16,2.33,1193.52,2.552,13.76,184.6,5.6,1,"Be91,Be87",40.9315,3.3941600000000003,44.32566
NGC0055,86.32000000000001,0.6493073232299177,5,NGC0055,9,2.11,0.11,2,77.0,3.0,4.628,0.013,3.67,54.55,6.11,391.59,1.565,10.24,85.6,5.0,2,"Sa96,Pu91",2.314,2.0814500000000002,4.39545
NGC2683,155.33333333333334,3.6817870057290873,3,NGC2683,3,9.81,0.49,2,80.0,5.0,80.415,0.222,3.34,1139.8,2.18,10205.4,1.406,13.79,154.0,8.1,2,"Sa96,Br92",40.2075,1.86998,42.07748
NGC0100,88.84,1.861827059637928,5,NGC0100,6,13.5,4.05,1,89.0,1.0,3.232,0.063,2.81,64.99,1.66,1193.52,1.99,16.36,88.1,6.4,1,"dB02,Rh96",1.616,2.6467,4.262700000000001
NGC0024,107.0,2.0,6,NGC0024,5,7.3,0.36,2,64.0,3.0,3.889,0.036,2.01,151.65,1.34,1182.58,0.676,7.29,106.3,7.9,1,"Di08,Ch06",1.9445,0.8990800000000001,2.84358
NGC0247,106.0,1.1547005383792515,6,NGC0247,7,3.7,0.19,2,74.0,3.0,7.332,0.027,5.87,33.79,3.74,506.79,1.746,12.79,104.9,8.0,2,"Sa96,Ca90",3.666,2.32218,5.98818
KK98-251,34.03333333333334,0.5436502143433384,3,KK98-251,10,6.8,2.04,1,59.0,5.0,0.085,0.007,1.28,7.89,1.34,52.1,0.115,2.9,33.7,1.6,2,BC04,0.0425,0.15295,0.19545
F583-4,67.16666666666667,2.245489305746572,3,F583-4,5,53.3,10.7,1,55.0,10.0,1.715,0.185,3.31,24.94,1.93,83.34,0.641,7.8,0.0,0.0,1,"KN08,dB96",0.8575,0.85253,1.7100300000000002
F583-1,82.96000000000001,3.6886854026875247,5,F583-1,9,35.4,8.85,1,63.0,5.0,0.986,0.093,3.74,11.19,2.36,60.93,2.126,15.65,85.8,3.6,1,"KN08,dB96",0.493,2.82758,3.32058
NGC2841,284.1,5.629387178015027,10,NGC2841,3,14.1,1.4,3,76.0,10.0,188.121,0.52,5.51,983.63,3.64,4751.49,9.775,45.12,284.8,8.6,1,"Di08,Be91",94.0605,13.000750000000002,107.06125
IC2574,64.44285714285715,2.597172717100073,7,IC2574,9,3.91,0.2,2,75.0,7.0,1.016,0.012,3.18,15.88,2.78,80.32,1.036,10.81,66.4,2.0,2,"Sa96,MC94",0.508,1.3778800000000002,1.8858800000000002
UGC08286,83.7,0.4062019202317959,4,UGC08286,6,6.5,0.21,2,90.0,3.0,1.255,0.018,2.25,39.52,1.05,1488.78,0.642,8.07,82.4,2.3,1,"Sw09,Sw02",0.6275,0.8538600000000001,1.48136
UGC08490,77.61666666666667,0.6693695209341075,6,UGC08490,9,4.65,0.53,2,50.0,3.0,1.017,0.012,1.14,124.98,0.67,576.54,0.72,7.8,78.6,3.8,1,"Sw09,Sw02",0.5085,0.9576,1.4661
UGC09037,150.6,5.2,5,UGC09037,6,83.6,8.4,1,65.0,5.0,68.614,1.769,5.69,334.83,4.28,841.07,19.078,39.72,152.3,9.6,2,Ha14,34.307,25.37374,59.68074
UGC09133,228.78571428571428,5.9061538297968905,14,UGC09133,2,57.1,11.4,1,53.0,6.0,282.926,2.345,5.92,1284.78,6.97,864.63,33.428,60.35,226.8,4.2,1,"No07,No05",141.463,44.45924,185.92224
UGC11914,286.46153846153845,6.535293350079829,13,UGC11914,2,16.9,5.1,1,31.0,5.0,150.028,0.553,3.12,2425.66,2.44,3168.33,0.888,9.26,288.1,10.5,1,"No07,No05",75.014,1.18104,76.19503999999999
UGC08699,180.33333333333334,3.2659863237109037,9,UGC08699,2,39.3,9.82,1,73.0,9.0,50.302,0.695,1.91,2191.95,3.09,1370.35,3.738,19.05,182.4,6.9,2,"No07,No05",25.151,4.97154,30.12254
UGC11557,81.39999999999999,2.6166135875720506,3,UGC11557,8,24.2,6.05,1,30.0,10.0,12.101,0.212,4.18,106.86,2.75,337.93,2.605,16.66,0.0,0.0,2,"Sw02,dB01",6.0505,3.4646500000000002,9.51515
UGC11455,269.5,4.847679857416329,8,UGC11455,6,78.6,11.8,1,90.0,1.0,374.322,3.792,10.06,571.26,5.93,9568.2,13.335,43.44,269.4,7.4,1,SG06,187.161,17.735550000000003,204.89655
UGC08550,57.53333333333333,0.2054804667656324,3,UGC08550,7,6.7,2.0,1,90.0,3.0,0.289,0.009,1.01,45.38,0.45,1284.78,0.288,5.59,56.9,1.9,1,"Sw09,Sw02",0.1445,0.38304,0.52754
UGC12632,73.1,0.08164965809277376,3,UGC12632,9,9.77,2.93,1,46.0,3.0,1.301,0.03,3.94,13.09,2.42,66.81,1.744,12.6,71.7,2.8,1,"Sw09,Sw02",0.6505,2.3195200000000002,2.9700200000000003
UGC12732,93.05,3.939860403618381,4,UGC12732,9,13.2,4.0,1,39.0,6.0,1.667,0.048,3.12,26.84,1.98,120.46,3.66,17.41,0.0,0.0,1,"Sw09,Sw02",0.8335,4.867800000000001,5.701300000000001
UGC12506,230.28571428571428,3.989782869648269,7,UGC12506,6,100.6,10.1,1,86.0,4.0,139.571,3.214,12.36,144.82,7.38,5608.28,35.556,59.01,234.0,16.8,2,Ha14,69.7855,47.28948,117.07498
UGCA444,35.900000000000006,1.6093476939431082,8,UGCA444,10,0.98,0.05,2,78.0,4.0,0.012,0.0,0.41,11.94,0.83,22.74,0.067,2.08,37.0,4.8,2,Ke07,0.006,0.08911000000000001,0.09511000000000001
UGC06983,108.5,0.5,4,UGC06983,6,18.0,2.5,4,49.0,1.0,5.298,0.102,3.95,53.56,3.21,121.57,2.967,16.07,109.0,5.8,1,"VS01,SV98",2.649,3.9461100000000005,6.59511
UGC07125,65.16666666666667,0.2494438257849279,3,UGC07125,9,19.8,5.9,1,90.0,3.0,2.712,0.08,3.92,28.11,3.38,103.0,4.629,23.04,65.2,2.1,1,"Sw09,Sw02",1.356,6.156569999999999,7.512569999999999
UGC07603,62.833333333333336,1.0274023338281628,3,UGC07603,7,4.7,1.41,1,78.0,3.0,0.376,0.008,0.85,81.81,0.53,520.99,0.258,4.37,61.6,2.8,1,"Sw09,Sw02",0.188,0.34314,0.53114
UGC07524,80.62857142857145,1.8084834101804625,7,UGC07524,9,4.74,0.24,2,46.0,3.0,2.436,0.025,3.61,29.71,3.46,106.86,1.779,12.11,79.5,3.6,1,"Sw09,Sw02",1.218,2.36607,3.58407
UGC07151,74.23333333333333,1.5195028426721988,3,UGC07151,6,6.87,0.34,2,90.0,3.0,2.284,0.025,2.17,76.71,1.25,965.67,0.616,6.39,73.5,2.8,1,"Sw09,Sw02",1.142,0.81928,1.96128
UGC06917,108.66666666666667,2.6246692913372702,3,UGC06917,9,18.0,2.5,4,56.0,2.0,6.832,0.12,4.52,53.07,2.76,261.11,2.023,12.67,108.7,3.5,1,"VS01,SV98",3.416,2.6905900000000003,6.106590000000001
UGC05829,64.96666666666665,3.256105376400186,3,UGC05829,10,8.64,2.59,1,34.0,10.0,0.564,0.019,2.91,10.59,1.99,63.22,1.023,7.87,0.0,0.0,2,"Sw09,Sw02",0.282,1.36059,1.64259
UGC07089,76.8,2.2759613353482044,3,UGC07089,8,18.0,2.5,4,80.0,3.0,3.585,0.089,3.9,37.4,2.26,520.99,1.214,9.29,0.0,0.0,2,"VS01,SV98",1.7925,1.61462,3.40712
UGC06786,221.44444444444446,5.559998223643024,9,UGC06786,0,29.3,7.32,1,64.0,3.0,73.407,0.676,3.42,992.73,3.6,1078.52,5.03,20.31,219.4,7.8,1,"No07,No05",36.7035,6.689900000000001,43.3934
UGC05986,109.33333333333333,2.0548046676563256,3,UGC05986,9,8.63,2.59,1,90.0,3.0,4.695,0.048,3.12,76.71,1.67,1725.16,2.667,16.53,113.0,4.1,2,"Sw09,Sw02",2.3475,3.54711,5.89461
UGC06614,203.66666666666666,1.247219128924647,3,UGC06614,1,88.7,8.87,1,36.0,10.0,124.35,2.52,3.68,1461.61,5.1,540.54,21.888,60.63,199.8,16.0,1,"dB01,VH93",62.175,29.111040000000003,91.28604
UGC06446,83.125,1.8498310733685959,4,UGC06446,7,12.0,3.6,1,51.0,3.0,0.988,0.032,2.06,37.05,1.49,86.46,1.379,10.33,82.2,4.3,1,"VS01,SV98",0.494,1.83407,2.3280700000000003
UGC06787,245.8,6.9876080790687345,15,UGC06787,2,21.3,5.32,1,66.0,3.0,98.256,0.543,2.88,1891.6,5.37,429.37,5.03,26.44,248.1,4.8,2,"No07,No05",49.128,6.689900000000001,55.8179
UGC05750,76.63333333333334,2.347102232304524,3,UGC05750,8,58.7,11.7,1,64.0,10.0,3.336,0.264,8.8,6.87,3.46,124.98,1.099,16.79,0.0,0.0,1,"dB01,VdH93",1.668,1.46167,3.12967
UGC05721,78.7,0.4690415759823436,5,UGC05721,7,6.18,1.85,1,61.0,5.0,0.531,0.011,0.6,233.79,0.38,913.76,0.562,6.74,79.7,6.6,1,"dB02,Sw02",0.2655,0.7474600000000001,1.01296
UGC05716,73.39999999999999,0.9416297927883702,3,UGC05716,9,21.3,5.3,1,54.0,10.0,0.588,0.042,1.84,27.59,1.14,90.54,1.094,10.64,73.1,1.2,2,vZ97,0.294,1.4550200000000002,1.7490200000000002
UGC04305,34.64,0.85463442476886,5,UGC04305,10,3.45,0.17,2,40.0,10.0,0.736,0.007,1.23,76.71,1.16,88.07,0.69,7.41,34.5,2.7,3,"Sw09,Sw02",0.368,0.9177,1.2856999999999998
UGC05253,230.93333333333334,14.689981468863587,15,UGC05253,2,22.9,5.72,1,37.0,4.0,171.582,0.79,4.28,1488.78,8.07,189.16,16.396,36.64,213.7,7.1,2,"No07,No05",85.791,21.806680000000004,107.59768
UGC05005,99.5,0.37416573867739567,3,UGC05005,10,53.7,10.7,1,41.0,10.0,4.1,0.283,5.02,25.63,3.2,65.59,3.093,21.61,98.9,7.2,1,"dB02,VH93",2.05,4.11369,6.16369
