galaxy,r_max,M_bar_max,V_max,g0,mass_norm,slope_3,slope_5,slope_8,slope_original,slope_g_schwach,delta_g_schwach,slope_g_mittel,delta_g_mittel,slope_g_stark,delta_g_stark,slope_g_phase_halb,delta_g_phase_halb,slope_g_phase_ganz,delta_g_phase_ganz,q,regime_q,groesse
CamB,1.79,483.400598,20.1,24.750625,0.0001938070616521239,2.9225837115242492,2.970802068001277,2.962333309849223,2.970802068001277,2.9708065455169477,-4.477515670675558e-06,2.9708159564168555,-1.3888415578477975e-05,2.970830028345223,-2.796034394592084e-05,2.970806961917788,-4.8939165111505645e-06,2.9708180911212416,-1.6023119964625465e-05,,,Klein
D512-2,3.83,1794.9467349999998,37.2,546.2604166666666,0.0007196378200020835,1.9063300007504433,1.693220548594017,1.693220548594017,1.693220548594017,1.6932297853175657,-9.236723548688985e-06,1.6932509134806457,-3.0364886628664323e-05,1.6932657504860231,-4.520189200607483e-05,1.6931692099891529,5.1338604864170634e-05,1.6932025622090583,1.798638495875693e-05,,,Klein
D564-8,3.07,331.818187,25.0,143.00313725490193,0.00013303398483839894,2.5431114054703685,2.2919247091895785,2.201088148091598,2.2919247091895785,2.2919269814581202,-2.272268541769762e-06,2.291932077064494,-7.367874915509276e-06,2.291938818419249,-1.4109229670378198e-05,2.2919203556756553,4.353513923138763e-06,2.2919290118361837,-4.302646605225391e-06,0.5571372187412436,Peak,Klein
D631-7,7.19,2854.700145999999,58.5,157.17355555555554,0.0011445187479767018,3.066430488653776,2.7865554368270304,2.587047523233047,2.7865554368270304,2.786576898306113,-2.146147908277385e-05,2.786630199206896,-7.476237986558942e-05,2.7867091592130127,-0.00015372238598221344,2.7866246480026637,-6.921117563329915e-05,2.7866377832419795,-8.234641494908601e-05,0.348322941866935,Peak,Klein
DDO064,2.98,2347.325140000001,46.9,395.641,0.0009410997628214779,2.1935823351907575,2.116226220486721,2.289961080078847,2.116226220486721,2.116238434031837,-1.2213545116157576e-05,2.1162545451852655,-2.8324698544412996e-05,2.116275130349457,-4.8909862735868614e-05,2.116316661033701,-9.044054697993076e-05,2.1162915175658177,-6.529707909663784e-05,0.2743817236319073,Peak,Klein
DDO154,5.92,1680.0794240000002,48.2,388.6530612244899,0.0006735847201157846,2.3302523826419708,2.2829844327980946,2.1821400507926794,2.2829844327980946,2.282996284634012,-1.1851835917564557e-05,2.2830222677580054,-3.7834959910831856e-05,2.2830564376868407,-7.200488874614663e-05,2.283006253944501,-2.1821146406253433e-05,2.2830390634548907,-5.463065679611745e-05,0.4186737825173218,Peak,Klein
DDO161,13.37,13861.246679999998,67.5,426.6666666666667,0.005557311060434513,1.841566360306868,2.0356823998846614,2.2253148980988233,2.0356823998846614,2.0357876948862343,-0.00010529500157296923,2.0359312610678857,-0.0002488611832243137,2.0360799884213043,-0.00039758853664295657,2.0361554495497636,-0.0004730496651021987,2.0359928648880543,-0.0003104650033929346,0.4368254162508485,Peak,Klein
DDO168,4.12,3234.54814,55.0,548.7804878048781,0.0012968090510838439,2.211973597562005,2.3033973351667525,2.3042760648001632,2.3033973351667525,2.303421067627628,-2.373246087561398e-05,2.3034691397354243,-7.180456867184049e-05,2.3035327673304233,-0.00013543216367084554,2.3033981438401865,-8.086734339940449e-07,2.3035098670375604,-0.00011253187080795257,0.3227056369471098,Peak,Klein
DDO170,12.33,10550.969382000001,62.2,410.3155080213903,0.004230140347296273,2.34929442219636,2.0573625801636757,1.8056348944551612,2.0573625801636757,2.057384788722353,-2.2208558677405676e-05,2.0575277700661125,-0.0001651899024368575,2.0577756117768415,-0.00041303161316585957,2.057285150418285,7.74297453904893e-05,2.057467545674374,-0.00010496551069838489,1.2031693859299848,Transition,Klein
ESO079-G014,16.67,284599.1251100001,178.0,2688.3902439024396,0.11410271401098745,1.6818936218301848,1.7833674763424883,1.9763885831827983,1.7833674763424883,1.7850163995941377,-0.0016489232516494479,1.7874317012764618,-0.004064224933973515,1.7887750534848395,-0.005407577142351183,1.7918541602531355,-0.00848668391064722,1.7890345079721206,-0.005667031629632335,0.4620823752548555,Peak,Uebergang
ESO116-G012,9.86,33345.633285,112.0,1747.2399999999998,0.013369075736838685,2.060474708022348,2.142661561478088,2.1207443114136915,2.142661561478088,2.142873281447486,-0.00021171996939806093,2.1432531173946527,-0.0005915559165647899,2.143721302757972,-0.0010597412798838413,2.143605453890223,-0.0009438924121352166,2.143428723104409,-0.0007671616263209557,0.5793447164038469,Peak,Klein
ESO444-G084,4.44,1362.14607,63.1,1288.0384615384617,0.0005461175026674011,2.2006229506370216,2.0710211043734694,1.8939596116153568,2.0710211043734694,2.071029774757238,-8.670383768727419e-06,2.0710437567746243,-2.265240115484346e-05,2.07105957486295,-3.847048948069087e-05,2.0710369681062937,-1.5863732824250576e-05,2.0710647052969766,-4.3600923507192135e-05,0.703948088461353,Peak,Klein
ESO563-G021,42.41,1790597.5921680003,321.0,793.7999999999998,0.7178941428190957,2.763829425096084,2.8218248933589067,2.908973597928295,2.8218248933589067,2.832444851327824,-0.010619957968917237,2.8620005247980713,-0.04017563143916458,2.911364491011344,-0.08953959765243713,2.8623918458428865,-0.04056695248397979,2.862112951707786,-0.040288058348879385,2.441721243466887,Transition,Gross
F561-1,9.66,31882.455192,50.4,340.09937888198755,0.01278245203787899,2.2492190843469273,1.949539023824041,1.8399444900414164,1.949539023824041,1.9496168403358505,-7.781651180938098e-05,1.9500438782403513,-0.0005048544163102076,1.9507375679295538,-0.0011985441055126778,1.9492694668285773,0.0002695569954638266,1.9497857884549723,-0.0002467646309312066,0.2,Peak,Klein
F563-1,20.1,34893.61005000001,112.5,456.4579439252337,0.013989697286691239,3.404780130543235,3.444199779817548,2.302939151490548,3.444199779817548,3.4444148468798406,-0.0002150670622924622,3.4452506059260513,-0.0010508261085031556,3.4466307518833785,-0.002430972065830428,3.4451252351787933,-0.0009254553612452199,3.445225996802731,-0.001026216985182682,1.3643710860071374,Transition,Uebergang
F563-V1,7.87,7485.297086,29.5,109.9236641221374,0.0030010377310928883,2.594283718206387,2.1374815670642024,1.9481677452698718,2.1374815670642024,2.137506337120828,-2.4770056625378345e-05,2.1376177724306324,-0.0001362053664299978,2.137789681382323,-0.00030811431812072243,2.1374095766129164,7.199045128603032e-05,2.1375479175207133,-6.635045651082194e-05,1.2593809947170418,Transition,Klein
F563-V2,10.47,31337.896251000002,118.0,505.75,0.012564125108437331,2.922841791885999,2.9295344605695615,2.3005219969185453,2.9295344605695615,2.9297555626595604,-0.00022110208999892578,2.930273307356894,-0.0007388467873323812,2.931050631448959,-0.0015161708793973716,2.9303121303085393,-0.0007776697389778597,2.930295859193059,-0.0007613986234975556,0.5260080260318406,Peak,Klein
F565-V2,8.8,9538.2716,83.1,373.72222222222223,0.0038241251659268793,2.782010693190604,2.563890160958077,2.38364537149233,2.563890160958077,2.563923414987073,-3.325402899623242e-05,2.564074253807212,-0.00018409284913500912,2.5643245227820395,-0.0004343618239626146,2.563833862247213,5.629871086387794e-05,2.5640076202174167,-0.00011745925933981383,0.5670040595578781,Peak,Klein
F567-2,9.59,16100.755530999999,52.2,376.8802083333333,0.006455184649652196,2.1005135986644135,1.7619268353389177,1.7619268353389177,1.7619268353389177,1.7619554825927601,-2.8647253842439824e-05,1.7621462084298412,-0.00021937309092345814,1.7624746356776437,-0.0005478003387260344,1.7617533951855855,0.00017344015333220497,1.7619792199975737,-5.238465865597952e-05,0.2741168007484732,Peak,Klein
F568-1,13.23,62759.279331,142.0,560.2045454545454,0.025161722117989567,2.8548028890604233,2.75223749991198,2.5093171822438674,2.75223749991198,2.752609596510143,-0.0003720965981632851,2.753590641377798,-0.0013531414658181085,2.7550702230517348,-0.0028327231397549113,2.753582035898115,-0.0013445359861350425,2.753627610311053,-0.0013901103990732189,0.8301975412606454,Peak,Klein
F568-3,17.98,70464.714982,120.0,240.25000000000003,0.028251018756116256,2.852202601609528,2.963789777989989,3.0071682887636095,2.963789777989989,2.9642935481805974,-0.0005037701906083214,2.9657519156229095,-0.001962137632920413,2.96798746779441,-0.004197689804420701,2.965802036344904,-0.0020122583549149198,2.965779608835246,-0.0019898308452570568,2.7483275825199898,Diffus,Uebergang
F568-V1,17.63,42225.530138999995,118.0,776.3076923076922,0.016929242447777833,2.722668769846978,2.5628848032799127,2.3692946396997296,2.5628848032799127,2.563146103182919,-0.00026129990300605144,2.5637881896765355,-0.0009033863966227962,2.564724488001546,-0.0018396847216330947,2.5638706639643445,-0.0009858606844317386,2.563821662766464,-0.0009368594865510893,0.6297637811320876,Peak,Uebergang
F571-8,15.55,49755.697315000005,144.0,698.909090909091,0.019948269689713173,2.6970922416875815,2.4066559351087378,2.3128501515261015,2.4066559351087378,2.40694397044671,-0.0002880353379723921,2.4075631821475265,-0.0009072470387887499,2.408440369768618,-0.0017844346598803185,2.4076925027063987,-0.001036567597660909,2.407614184143697,-0.0009582490349591133,0.3008435554047159,Peak,Klein
F571-V1,13.59,20928.563149999998,84.3,525.1282051282052,0.008390770192432444,2.4796720247829516,2.1781514589552966,1.9768417154837126,2.1781514589552966,2.178187605680981,-3.614672568419408e-05,2.1784399229115987,-0.00028846395630210964,2.1789172814637072,-0.0007658225084106185,2.178067618679714,8.384027558250295e-05,2.1783300955644846,-0.00017863660918804314,0.5164712306466657,Peak,Klein
F574-1,12.6,43094.9799,99.7,498.0638297872341,0.017277826012073616,2.72555508606912,2.5717721068194646,2.3321135644024276,2.5717721068194646,2.5720200548441117,-0.0002479480246471155,2.5726761818914685,-0.0009040750720039625,2.573646193588506,-0.0018740867690416607,2.572664149520658,-0.000892042701193585,2.572721003420744,-0.0009488966012796141,0.539333600453951,Peak,Klein
F574-2,10.83,22880.446778999998,40.0,73.16129032258064,0.009173327831766134,2.6010176543787025,2.4456037504592896,2.4456037504592896,2.4456037504592896,2.445635337095968,-3.158663667823802e-05,2.4458889017882686,-0.0002851513289789942,2.446410226236146,-0.0008064757768564412,2.44538473417294,0.0002190162863495715,2.445675727298236,-7.197683894633045e-05,,,Klein
F579-V1,15.16,77813.04334,114.0,3034.5000000000005,0.031197142391484526,2.241209832803143,1.9771535764586998,1.768905924963801,1.9771535764586998,1.9776139737735488,-0.000460397314848926,1.9785411557917276,-0.0013875793330277997,1.9795584202449268,-0.0024048437862269623,1.9792131687687204,-0.0020595923100206193,1.9788640391726766,-0.0017104627139767903,1.1636231153591994,Peak,Klein
F583-1,16.26,30182.959956,86.9,819.8461538461538,0.012101083046314475,0.4361485583228245,1.5945618586446388,2.201267039966873,1.5945618586446388,1.5946645116520655,-0.00010265300742662298,1.5943265026374587,0.00023535600718016525,1.5935297959585697,0.0010320626860691462,1.5948762807353083,-0.0003144220906694528,1.594470611364084,9.124728055476261e-05,0.4463052662988264,Peak,Uebergang
F583-4,7.29,11728.040121999999,69.9,520.4090909090908,0.004702056646986267,2.430191053889299,2.170454360514501,2.0657055128149926,2.170454360514501,2.1705209399111003,-6.657939659948653e-05,2.170655420957264,-0.00020106044276335666,2.1708300091179504,-0.0003756486034496298,2.1706679843288703,-0.0002136238143695124,2.1707047593018913,-0.0002503987873905267,3.0,Diffus,Klein
IC2574,10.23,13429.635054,67.5,124.81176470588238,0.0053842674577661625,2.797546937906072,2.6045541750110677,2.7969233708926984,2.6045541750110677,2.604664611863458,-0.00011043685239053858,2.6049693144750177,-0.00041513946394999834,2.6054085122225255,-0.0008543372114577785,2.6050376663242596,-0.0004834913131919194,2.6050267948644095,-0.00047261985334179357,3.0,Diffus,Klein
IC4202,25.9,978326.4796740001,250.0,1600.012987012987,0.3922348899578405,3.1289832402196582,3.0868271178810636,2.787755830406662,3.0868271178810636,3.0923558114007283,-0.005528693519664785,3.111015206611656,-0.024188088730592305,3.14200642960334,-0.0551793117222763,3.1104637971016986,-0.02363667922063506,3.1109495678366605,-0.02412244995559698,2.999999999999999,Diffus,Uebergang
KK98-251,3.13,1433.886178,34.6,72.25,0.0005748798575167966,2.9637930181153265,2.977381065614508,2.9176732629475404,2.977381065614508,2.977395956030277,-1.4890415769297505e-05,2.9774282697987506,-4.7204184242755076e-05,2.9774765547408233,-9.548912631540674e-05,2.977425692945382,-4.4627330874291715e-05,2.9774364090303624,-5.5343415854558486e-05,0.3625643640887768,Peak,Klein
NGC0024,11.27,24169.689355000002,110.0,1441.7142857142856,0.009690216549829688,3.084691398237556,3.0459486061944965,2.929722599424727,3.0459486061944965,3.046219272811354,-0.00027066661685770654,3.046795787835092,-0.0008471816405957178,3.047661119451991,-0.0017125132574946633,3.046833309962834,-0.0008847037683374914,3.046805655962741,-0.0008570497682445222,0.6253058794361918,Peak,Klein
NGC0055,13.5,46354.03335,87.4,669.6666666666666,0.01858445983819006,2.183733506910923,2.2485464747576014,2.2541883741554436,2.2485464747576014,2.2487775123491387,-0.00023103759153730863,2.249611530813162,-0.0010650560555607314,2.2507771370205543,-0.002230662262952876,2.2494487745119964,-0.0009022997543950417,2.249754200733523,-0.0012077259759215586,0.3795513013209691,Peak,Klein
NGC0100,9.62,19985.273905999995,91.2,201.6352173913043,0.008012582582768596,2.9611080195568187,2.854144558211796,2.6990885590444877,2.854144558211796,2.8542887760849154,-0.0001442178731192456,2.854610565191374,-0.00046600697957766,2.855089882246251,-0.0009453240344550196,2.854653631898152,-0.0005090736863557765,2.8546296173104557,-0.0004850590986595904,0.977171439892976,Peak,Klein
NGC0247,14.54,52818.334868000005,108.0,1108.4814814814815,0.02117615560360768,2.553901518491516,2.254423280222649,1.967900669687851,2.254423280222649,2.254721820872281,-0.00029854064963164006,2.2556735375429446,-0.0012502573202954892,2.2569653510750016,-0.0025420708523524738,2.2558722750515483,-0.0014489948288991528,2.255860711092354,-0.0014374308697049365,2.9999999999999942,Diffus,Klein
NGC0289,71.12,546572.9428920001,194.0,17930.666666666668,0.21913439180406777,1.203589574236293,1.0853867919236948,1.0320372723473745,1.0853867919236948,1.0871666998519574,-0.0017799079282625474,1.0917407334585847,-0.006353941534889884,1.0885689264913398,-0.003182134567645045,1.0936697684027261,-0.008282976479031312,1.0922548259782296,-0.006868034054534844,0.5309712303149732,Peak,Gross
NGC0300,11.8,21373.271220999995,97.0,1203.967032967033,0.008569064478558862,2.4256197344949433,2.208303481291112,2.1989886388061586,2.208303481291112,2.2084381458165097,-0.00013466452539745433,2.2087978216140147,-0.0004943403229025201,2.209260434856157,-0.0009569535650446603,2.2089667327565876,-0.0006632514654754118,2.2089224909199707,-0.0006190096288585245,1.3320577909087532,Transition,Klein
NGC0801,59.82,1764969.730284,238.0,12930.769230769232,0.7076193094227072,2.9383332465883196,2.285015064304159,1.2815230107252977,2.285015064304159,2.2944466186970107,-0.009431554392851815,2.329261753334388,-0.0442466890302291,2.383914731172461,-0.0988996668683022,2.330835212192113,-0.0458201478879543,2.329683383241973,-0.04466831893781409,3.0,Diffus,Gross
NGC0891,17.11,697279.4913600001,234.0,59517.391304347824,0.27955631401757003,0.7851267980650501,0.9552773592940527,1.0164841685953017,0.9552773592940527,0.9583943227271747,-0.0031169634331220664,0.9587660813678256,-0.003488722073772932,0.9334091286268049,0.021868230667247746,0.9815151971460224,-0.02623783785196976,0.9737916534315403,-0.01851429413748762,0.4782521201325272,Peak,Uebergang
NGC1003,30.24,72094.319136,115.0,1767.2,0.028904366712344552,1.9941928070001664,1.9015122232020514,1.8524337294699598,1.9015122232020514,1.9018230974946544,-0.0003108742926030139,1.9029374104078653,-0.0014251872058139714,1.9042949934597133,-0.0027827702576619373,1.9032422935391624,-0.0017300703371110338,1.9030458813634437,-0.0015336581613922817,1.638680003647974,Transition,Gross
NGC1090,30.09,421759.821981,176.0,1248.0285714285712,0.16909377472689943,2.8197641839714644,2.4589075370397477,2.250734173733604,2.4589075370397477,2.4610203577975485,-0.0021128207578007263,2.4663695685718308,-0.007462031532083024,2.4743754852046345,-0.015467948164886725,2.4666547774585856,-0.007747240418837897,2.466466886272746,-0.007559349232998169,2.2992685624329368,Transition,Gross
NGC1705,6.0,3496.1382000000003,73.2,11454.727272727274,0.0014016868710446766,1.4428400906642007,1.3654436839620152,1.2625601177552022,1.3654436839620152,1.3654505200085434,-6.836046528180262e-06,1.365380440816447,6.324314556827026e-05,1.3652124937550811,0.00023119020693407322,1.365646459391618,-0.00020277542960278616,1.3655863026749833,-0.00014261871296805673,1.6488686687272214,Transition,Klein
NGC2366,6.06,5236.744757999999,53.7,147.0,0.0020995383919035666,2.597638611649569,2.5708419755426717,2.621347524464799,2.5708419755426717,2.570880648264243,-3.867272157132007e-05,2.5709555324610127,-0.00011355691834102899,2.5710649646992647,-0.0002229891565930231,2.5709920400885613,-0.0001500645458896166,2.570967853956771,-0.0001258784140993896,0.2363044386992381,Peak,Klein
NGC2403,20.87,77278.642286,136.0,3751.5625,0.030982888006098892,2.4070236971057306,2.433381763021532,2.349895663968578,2.433381763021532,2.4340223414870397,-0.0006405784655076907,2.435171849420969,-0.0017900863994371186,2.436840475193904,-0.003458712172371925,2.4352455774644493,-0.0018638144429172776,2.4351904269771,-0.0018086639555678907,1.1245437270657133,Peak,Uebergang
NGC2683,34.62,425055.909258,212.0,12360.207612456747,0.17041525631535276,1.1756766100069007,0.9312206312417519,0.7938171558806107,0.9312206312417519,0.9315080006876323,-0.00028736944588036994,0.9349815134464541,-0.003760882204702165,0.94217851561639,-0.010957884374638072,0.9329074125956994,-0.0016867813539475085,0.9345852675771997,-0.0033646363354478126,2.9999999999490177,Diffus,Gross
NGC2841,63.64,1119916.9979640003,323.0,23611.918604651164,0.4490019738653086,1.670208697497697,1.4345235552015858,1.2784382217945416,1.4345235552015858,1.4360037165274737,-0.0014801613258879076,1.4486271825445989,-0.01410362734301307,1.4653584212207802,-0.030834866019194385,1.4497848890282294,-0.01526133382664363,1.4489921849642566,-0.014468629762670826,2.999999999999976,Diffus,Gross
NGC2903,24.96,396167.486208,216.0,6050.0,0.15883318461281837,2.8510680493991263,2.7345578654883895,2.561306952619802,2.7345578654883895,2.7380791129247175,-0.003521247436327979,2.7460737465732943,-0.011515881084904755,2.758100714971877,-0.023542849483487505,2.7465878717532237,-0.012030006264834192,2.746209270935787,-0.011651405447397511,0.4973205052476155,Peak,Uebergang
NGC2915,10.04,6772.643644,86.5,536.0294117647059,0.0027153176261908,2.85562192765469,2.824269821128894,2.7019231290590286,2.824269821128894,2.8243245524335236,-5.473130462974041e-05,2.8244499652250843,-0.00018014409619038219,2.824635854444808,-0.00036603331591411603,2.8244756475097903,-0.00020582638089639005,2.824459506272337,-0.00018968514344308574,1.6571105224464855,Transition,Klein
NGC2955,35.43,1624012.070403,276.0,38081.333333333336,0.6511059538498701,1.5579837133702128,1.5185689679898733,1.4422452525897995,1.5185689679898733,1.5274095719930543,-0.008840604003180985,1.5416120076523043,-0.023043039662431042,1.5404434478928468,-0.02187447990297353,1.5563157313607439,-0.03774676337087057,1.5457856337036693,-0.027216665713795996,0.2337994971884741,Peak,Gross
NGC2976,2.27,14339.177086999998,88.7,420.3636363636363,0.005748924989416193,2.8377204577892474,3.1851300936231413,2.961790834711951,3.1851300936231413,3.185307444196255,-0.00017735057311352165,3.1856754319445577,-0.0005453383214164553,3.1862288664166343,-0.0010987727934930192,3.185763684424244,-0.0006335908011028124,3.1857135897905846,-0.0005834961674433536,2.999999999999997,Diffus,Klein
NGC2998,42.28,890981.00546,214.0,24545.454545454544,0.3572159640895967,1.5591060737532083,1.659095194887058,1.4444818394474492,1.659095194887058,1.66423319461161,-0.005137999724551978,1.6695841292038103,-0.01048893431675224,1.667591111776057,-0.008495916888998867,1.6739821795670513,-0.014886984679993276,1.6707554876944017,-0.011660292807343708,3.0,Diffus,Gross
NGC3109,6.45,3457.2806250000003,67.3,143.11538461538458,0.0013861079237598886,2.657561538697965,2.690583047898626,2.7793107991701897,2.690583047898626,2.6906124714249353,-2.9423526309191317e-05,2.690674246040545,-9.119814191871356e-05,2.690764599151672,-0.00018155125304586406,2.690703022153357,-0.0001199742547308702,2.6906862314182205,-0.00010318351959437422,0.7093433205593073,Peak,Klein
NGC3198,44.08,268865.584133,157.0,1860.4999999999995,0.10779475461095445,2.1904502216988497,2.2190683708208363,2.203261386009362,2.2190683708208363,2.2209752652052237,-0.001906894384387403,2.2243164231211945,-0.005248052300358186,2.2286933898443,-0.00962501902346391,2.224585486656205,-0.0055171158353686245,2.224384574933533,-0.005316204112696621,0.686976413259879,Peak,Gross
NGC3521,17.74,425044.487818,220.0,40096.078431372545,0.17041067718215475,1.8323154156826866,1.6776569074801488,1.560880711545019,1.6776569074801488,1.679694261554202,-0.0020373540740532547,1.679162640323595,-0.0015057328434462391,1.6749881794805581,0.0026687279995907254,1.6850927121730366,-0.0074358046928877375,1.6807295584659663,-0.003072650985817438,0.3508870078125967,Peak,Uebergang
NGC3726,32.52,396418.00471,169.0,2972.5714285714284,0.15893362357578822,2.0184273471387066,1.9064663826349348,1.519492161385699,1.9064663826349348,1.9066762253590641,-0.00020984272412927218,1.9101334463044672,-0.0036670636695324,1.9187748532105178,-0.01230847057558293,1.9072221356670673,-0.000755753032132489,1.9094559368676869,-0.0029895542327520452,3.0,Diffus,Gross
NGC3741,7.0,1365.6664,51.6,746.1304347826086,0.0005475288886196912,2.0246349307698255,1.9671203517052078,1.7950482157982675,1.9671203517052078,1.9671284395459072,-8.087840699388948e-06,1.9671359329934608,-1.5581288252963787e-05,1.9671419447414997,-2.1593036291900347e-05,1.9671785361450715,-5.8184439863717685e-05,1.9671500369564845,-2.9685251276667657e-05,1.18629699533103,Peak,Klein
NGC3769,37.16,118251.57018399998,126.0,4400.14367816092,0.04740993173763294,1.5156384220056272,1.4697564895383821,1.2778396846062603,1.4697564895383821,1.47001580510676,-0.0002593155683778825,1.4715213310183715,-0.001764841479989343,1.4736296108788478,-0.0038731213404656906,1.471514288433169,-0.0017577988947867773,1.4715769645428778,-0.0018204750044956697,0.7044986410234806,Peak,Gross
NGC3877,11.35,419064.029215,171.0,1642.3448275862065,0.16801296581403682,3.1233412252253974,2.781966359735565,2.402457430198726,2.781966359735565,2.7841062597209536,-0.002139899985388549,2.791588614722374,-0.009622254986808798,2.803546139047842,-0.021579779312276948,2.7875861513811526,-0.0056197916455875685,2.7913580101894513,-0.009391650453886236,2.9999999999858367,Diffus,Klein
NGC3893,19.05,312429.11184,194.0,12083.333333333334,0.12526043283937602,1.5274405592602944,1.3335147813288708,1.1859383861033168,1.3335147813288708,1.334196432641576,-0.0006816513127052559,1.3380793451903825,-0.004564563861511717,1.343028364018911,-0.009513582690040101,1.334899108950174,-0.0013843276213032496,1.3382653629141852,-0.004750581585314384,0.3392070558413332,Peak,Uebergang
NGC3917,14.86,136488.666527,138.0,678.7241379310345,0.05472162739942343,3.0218520468984567,2.906339385453522,2.613389331753276,2.906339385453522,2.9070394817195186,-0.0007000962659966525,2.909506060665426,-0.0031666752119039465,2.9134477111969743,-0.007108325743452326,2.9089002621191034,-0.0025608766655813575,2.9094623456135498,-0.0031229601600277768,1.0552824937068368,Peak,Klein
NGC3949,7.07,185703.16590700002,169.0,8694.827586206897,0.07445291766877903,1.6184736037811858,1.4732781624219535,1.4196675714601283,1.4732781624219535,1.473837603613436,-0.0005594411914824349,1.4761894999863796,-0.0029113375644260753,1.478248598509886,-0.004970436087932573,1.4699493288260328,0.0033288335959207327,1.4735790688544936,-0.0003009064325401045,2.9999999910292843,Diffus,Klein
NGC3953,15.68,778188.3722,224.0,9360.285714285714,0.31199465298950946,1.515875575798359,1.400286875223212,1.2416372472164512,1.400286875223212,1.400702037626532,-0.00041516240331995746,1.4073563627962282,-0.0070694875730161755,1.4224542393597988,-0.02216736413658671,1.3930917803324547,0.007195094890757314,1.401512462967848,-0.001225587744635881,2.292991767571273,Transition,Klein
NGC3972,8.72,82350.04936,134.0,1802.4827586206898,0.03301613849755512,2.512808772989083,2.264233470040904,2.080981039086142,2.264233470040904,2.264649967928668,-0.0004164978877638781,2.2659755197143805,-0.0017420496734765756,2.2678460169569195,-0.0036125469160155355,2.2645262141986184,-0.00029274415771451956,2.266108880989416,-0.0018754109485121795,2.9999999999999982,Diffus,Klein
NGC3992,46.02,1282834.865164,272.0,6692.491838955387,0.5143197108794918,1.2699185017841885,1.1297322353524315,0.922790125934987,1.1297322353524315,1.129734422332511,-2.186980079477152e-06,1.1304067481013849,-0.0006745127489533598,1.136189626581679,-0.0064573912292476,1.1291855859477828,0.0005466494046486581,1.1299258204285565,-0.00019358507612499132,3.0,Diffus,Gross
NGC4010,10.47,97133.97281100001,129.0,1775.2758620689654,0.03894337312569317,1.9319710583863847,2.087340378851997,2.1378764051293877,2.087340378851997,2.087844214251167,-0.0005038353991699829,2.089375776072866,-0.002035397220868873,2.0913694950505994,-0.004029116198602356,2.088402813900696,-0.001062435048698962,2.0898058981485255,-0.0024655192965283845,0.3365099732510371,Peak,Klein
NGC4013,31.01,452394.047456,198.0,7140.983606557376,0.1813757810997968,0.8234178622062793,0.9393424668417614,0.8958087349251831,0.9393424668417614,0.9394228793629297,-8.041252116830488e-05,0.9419794792251479,-0.002637012383386539,0.9477811697712396,-0.008438702929478237,0.938272107712972,0.0010703591287893888,0.9413887203347234,-0.002046253492962058,1.1783616831241974,Peak,Gross
NGC4051,12.19,367201.23506999994,161.0,8414.367816091954,0.14721990973612226,1.221990163392862,1.4169751991813835,1.335805399477348,1.4169751991813835,1.417807537848948,-0.0008323386675646027,1.4228029992723688,-0.005827800090985269,1.4298437846950545,-0.012868585513670983,1.4143943654275932,0.002580833753790257,1.4208198528855356,-0.003844653704152101,2.999999999999233,Diffus,Klein
NGC4068,2.33,2110.121861,41.9,104.29714285714284,0.000845999196733144,2.9245743788698926,2.8851314854184453,2.8506866280443677,2.8851314854184453,2.885146945418407,-1.545999996155345e-05,2.8851810928711035,-4.960745265814026e-05,2.885231997302592,-0.00010051188414683665,2.885150937199483,-1.945178103746059e-05,2.885176287322447,-4.480190400180106e-05,,,Klein
NGC4085,6.2,123941.13472,136.0,2046.9425287356323,0.04969101659637011,2.729033476342669,2.427915925289768,2.1878360815051145,2.427915925289768,2.428539542407608,-0.0006236171178399808,2.4306149185688644,-0.0026989932790963955,2.4336996131561506,-0.005783687866382614,2.427125315385007,0.000790609904760764,2.429882108350613,-0.0019661830608450614,2.9999995027488,Diffus,Klein
NGC4088,21.48,620131.3110219999,182.0,4142.534482758621,0.2486257313807733,2.191655845867551,1.969629912017288,1.6578753604154137,1.969629912017288,1.9709648308398025,-0.0013349188225144637,1.9791164399956584,-0.009486527978370463,1.9934181520375192,-0.023788240020231166,1.9744176524844508,-0.004787740467162793,1.978496411994149,-0.008866499976861064,2.999999996668475,Diffus,Uebergang
NGC4100,22.76,324164.727752,195.0,5517.241379310345,0.12996552680490442,2.3121146660422536,2.091507001428089,1.7857357459022005,2.091507001428089,2.0920420337997694,-0.0005350323716801775,2.0967056498170074,-0.005198648388918148,2.1052316477099797,-0.013724646281890518,2.0932464703336997,-0.0017394689056104973,2.096283147444214,-0.004776146016124638,0.3965878958699879,Peak,Uebergang
NGC4138,18.58,213680.33154,195.0,12276.24521072797,0.0856696441004797,1.0448968732173425,0.7525723949662735,0.7269975159341157,0.7525723949662735,0.7527605519702691,-0.00018815700399565927,0.7546630420298239,-0.0020906470635504437,0.7577680709016548,-0.005195675935381283,0.7519093490052995,0.0006630459609739958,0.753936696411401,-0.0013643014451275581,3.0,Diffus,Uebergang
NGC4157,29.61,584467.4308709999,201.0,5340.781609195403,0.2343272140686809,2.26606433193653,1.9435997129247518,1.59614011325423,1.9435997129247518,1.9448565868873542,-0.001256873962602434,1.9525095296823738,-0.008909816757622036,1.9658378425852296,-0.02223812966047789,1.9506967961890487,-0.007097083264296922,1.9523139073671605,-0.00871419444240873,0.4071303081014025,Peak,Uebergang
NGC4183,21.02,78544.160188,115.0,2549.896551724138,0.03149026492509637,1.8837237930195259,1.8684140091246477,1.78982621000468,1.8684140091246477,1.8688132626222411,-0.00039925349759339923,1.8699054306600698,-0.0014914215354220328,1.8710858387359919,-0.0026718296113441564,1.8705001655339588,-0.0020861564093110907,1.8701582568492532,-0.0017442477246054633,3.0,Diffus,Uebergang
NGC4214,5.63,6235.896659,80.6,14667.857142857143,0.002500122699986992,1.2293251099342952,1.2702901463449126,1.2905648178706701,1.2702901463449126,1.2702892463716546,8.999732579173525e-07,1.2700997133350471,0.00019043300986543166,1.269686363388241,0.000603782956671628,1.2707194182201305,-0.000429271875217907,1.2705639867243201,-0.0002738403794075861,2.9999999999990887,Diffus,Klein
NGC4217,16.72,402025.53932499996,191.0,2626.252873563218,0.16118182064327657,3.0397333696779394,2.64816155288163,2.261859312490656,2.64816155288163,2.6502112549213805,-0.002049702039750745,2.6572667654703834,-0.00910521258875363,2.668336248695653,-0.020174695814023202,2.656549282450342,-0.008387729568712032,2.6574198331089782,-0.009258280227348425,1.6380858780258845,Transition,Uebergang
NGC4389,5.32,107200.01096000001,110.0,856.6551724137933,0.042979092742523005,2.6601769487036484,2.5236931946962162,2.501923066688499,2.5236931946962162,2.524232062861274,-0.0005388681650577709,2.526048383290463,-0.002355188594246993,2.5288015285236636,-0.005108333827447353,2.5224756309545104,0.001217563741705785,2.5249089666138844,-0.0012157719176681958,,,Klein
NGC4559,20.97,144936.51412500002,124.0,2863.343283582089,0.058108575051178994,1.9731388373168492,1.959985912462687,1.8764064185281155,1.959985912462687,1.9608543275650077,-0.0008684151023206077,1.9627554107188896,-0.0027694982562025405,1.9647846710254,-0.004798758562712946,1.9640815970242986,-0.004095684561611579,1.963187517997057,-0.003201605534369989,0.3574533011746877,Peak,Uebergang
NGC5005,11.47,864686.945835,265.0,90859.1836734694,0.3466740358091791,1.149549580827309,1.1553248632531194,1.186431937582629,1.1553248632531194,1.158158880682742,-0.0028340174296226373,1.1420289284196605,0.013295934833458922,1.0891096907560138,0.06621517249710562,1.209928330116743,-0.054603466863623495,1.1693907212130226,-0.014065857959903116,2.999999985314973,Diffus,Klein
NGC5033,44.59,602173.2412500001,225.0,55836.84210526316,0.24142590426046195,1.0891989853639417,1.0850762703632855,1.0489827792181488,1.0850762703632855,1.0877640518276064,-0.0026877814643209152,1.0921977185498328,-0.007121448186547363,1.0828521160388096,0.002224154324475869,1.0982879540144421,-0.013211683651156658,1.0940738813436737,-0.008997610980388204,0.3403638093241747,Peak,Gross
NGC5055,54.59,785825.34462,206.0,21701.38888888889,0.3150565010525077,1.654893868009144,1.5541268007926186,1.4233514248363794,1.5541268007926186,1.558420764314572,-0.004293963521953437,1.564650884160631,-0.010524083368012471,1.5637814165243187,-0.009654615731700122,1.567647076608263,-0.013520275815644522,1.5654335028605304,-0.011306702067911845,0.4985595590798722,Peak,Gross
NGC5371,46.24,1953739.605584,242.0,32176.55172413793,0.7833017455051111,0.990991502203244,0.9920146955563662,1.076324971139166,0.9920146955563662,0.9978923795350896,-0.005877683978723347,1.01896932882419,-0.026954633267823658,1.01642148457533,-0.02440678901896387,1.0317933388015779,-0.03977864324521163,1.0231817308140134,-0.03116703525764719,3.0,Diffus,Gross
NGC5585,10.96,24896.350208000003,92.3,1393.7777777777776,0.009981552566624514,2.4419504101611094,2.0524066055123567,1.8826484423746233,2.0524066055123567,2.0525192722573546,-0.00011266674499799123,2.0526412580531486,-0.0002346525407919131,2.052784486059971,-0.00037788054761422885,2.0527786519545557,-0.0003720464421990144,2.052677167794833,-0.0002705622824761278,0.3238481905453884,Peak,Klein
NGC5907,50.33,1001181.4369689999,235.0,9104.572564612326,0.4013979984352708,1.2609347343215067,1.1657341531643541,1.0814329551645752,1.1657341531643541,1.1658468593507003,-0.00011270618634617868,1.1701344721708493,-0.004400319006495179,1.185164636181584,-0.019430483017229827,1.1669898341324862,-0.0012556809681321113,1.169329886296327,-0.0035957331319729224,3.0,Diffus,Gross
NGC5985,34.72,1251530.3344319998,305.0,14047.74011299435,0.5017689628194582,1.621493333498086,1.5906452388072523,1.5960049694508398,1.5906452388072523,1.5917689008322229,-0.0011236620249706064,1.6059911968795797,-0.015345958072327415,1.6325207909156971,-0.04187555210844485,1.601250177325518,-0.010604938518265827,1.6055749674266722,-0.01492972861941988,0.8521426476207469,Peak,Gross
NGC6015,29.23,200439.1593,166.0,3706.6176470588234,0.08036093597044948,2.7309715073927827,2.4529593054988394,2.1930290443053337,2.4529593054988394,2.454541924707333,-0.001582619208493341,2.4577907831262142,-0.004831477627374792,2.4623819904031983,-0.009422684904358825,2.458124998107227,-0.0051656926083873955,2.457877323080779,-0.004918017581939438,2.9999999999999964,Diffus,Uebergang
NGC6195,36.43,1885818.5397199998,258.0,23026.315789473683,0.7560705375714746,1.7810085067668853,1.4406371342019233,1.2593632209739558,1.4406371342019233,1.4475239825549588,-0.006886848353035546,1.4707113111526147,-0.030074176950691367,1.4889855424012588,-0.0483484081993355,1.482327009801035,-0.04168987559911175,1.4745261726561092,-0.033889038454185894,1.0835556932739931,Peak,Gross
NGC6503,23.5,71248.10884,121.0,7801.315789473684,0.028565100415020826,1.6606063079704783,1.5688982345512317,1.397331942547489,1.5688982345512317,1.5692793791152173,-0.0003811445639856359,1.5699023187368657,-0.0010040841856340244,1.569954132807297,-0.0010558982560653352,1.570958789216362,-0.002060554665130221,1.5702468340901279,-0.0013485995388962113,1.6907307579872102,Transition,Uebergang
NGC6674,72.41,1128998.711016,291.0,16974.4,0.45264305360053847,1.4540358302465652,1.2450773549326046,1.0856028226565608,1.2450773549326046,1.245922349120506,-0.0008449941879014045,1.254176851759298,-0.00909949682669331,1.2734187158777361,-0.02834136094513151,1.253237386546593,-0.008160031613988261,1.25394327164613,-0.008865916713525435,1.202087186470116,Transition,Gross
NGC6789,0.71,424.277398,60.4,1932.1,0.0001701031322095897,2.473594594867985,2.498988727064653,2.498988727064653,2.498988727064653,2.4989919069582816,-3.1798936284133106e-06,2.4989978273229885,-9.10025833533723e-06,2.499006478116266,-1.7751051613057456e-05,2.498985750529851,2.9765348021904003e-06,2.498994429741596,-5.702676942664908e-06,,,Klein
NGC6946,20.4,358149.393531,181.0,123205.26315789473,0.14359080621727593,0.7649058274210777,0.8498054718252397,0.9343988727181974,0.8498054718252397,0.8440023121626523,0.005803159662587376,0.8023731695837277,0.04743230224151196,0.7085571849219533,0.1412482869032864,0.8245869543022488,0.02521851752299087,0.8083306009038863,0.04147487092135338,0.4547250182197898,Peak,Uebergang
NGC7331,36.31,1279763.539756,257.0,18292.50936329588,0.5130883417931382,1.7096646431497395,1.4559823533448026,1.3190897573671296,1.4559823533448026,1.4585003086352524,-0.002517955290449736,1.4743321970398346,-0.01834984369503201,1.4925599535227283,-0.03657760017792566,1.4784016709322099,-0.022419317587407228,1.476031801607469,-0.020049448262666303,0.4459797174832505,Peak,Gross
NGC7793,7.87,43175.262834,116.0,752.8181818181818,0.017310013393727106,4.534263055380651,3.8127290491659145,3.4485051281743853,3.8127290491659145,3.8134441376383057,-0.0007150884723912121,3.814958701534003,-0.002229652368088697,3.8172499134661018,-0.004520864300187277,3.814959835913201,-0.002230786747286384,3.8149590650204184,-0.002230015854503886,0.590058244357327,Peak,Klein
NGC7814,19.53,345516.69342799997,265.0,111468.25396825396,0.1385260493720746,0.8356479935830794,0.8451604747875945,0.8713342090164378,0.8451604747875945,0.8467393246687944,-0.0015788498811999396,0.8424817667298915,0.002678708057702983,0.8156088281642292,0.02955164662336529,0.8628325018292515,-0.017672027041657046,0.8519359440526921,-0.0067754692650976445,0.4983654593126799,Peak,Uebergang
PGC51017,3.63,1495.1607,20.5,1273.4848484848485,0.0005994463042942547,0.9283648987642996,0.8977404338229499,0.8969241214129895,0.8977404338229499,0.8977412983341396,-8.645111897465085e-07,0.8976645711876318,7.586263531811355e-05,0.8974633733040047,0.00027706051894516026,0.8977729878045108,-3.255398156087885e-05,0.8977871088164308,-4.667499348087745e-05,,,Klein
UGC00128,53.75,129709.05831900002,134.0,930.2480000000002,0.052003517510065995,2.332475104865494,2.109686027448026,1.9166768637430578,2.109686027448026,2.1100264483260194,-0.00034042087799335263,2.111606448087015,-0.0019204206389891176,2.114308314858332,-0.004622287410306125,2.111549639754115,-0.001863612306089113,2.1115956676819803,-0.001909640233954235,1.8764118009610995,Transition,Gross
UGC00191,9.98,21528.875960000005,83.85,1441.9516129032256,0.008631450204537499,2.4429058699401858,2.4066642517831562,1.8051231166483712,2.4066642517831562,2.406853497986957,-0.0001892462038006748,2.4072729348429074,-0.0006086830597511472,2.4078452879301033,-0.0011810361469470898,2.407595674824745,-0.0009314230415888858,2.407397433584294,-0.0007331818011375724,0.9248554316081632,Peak,Klein
UGC00634,18.01,38096.03611300001,108.0,1078.7278270509978,0.015273627815523994,1.816030929023119,1.6552149731336248,1.6552149731336248,1.6552149731336248,1.6552211435473116,-6.170413686890086e-06,1.6553924824804909,-0.00017750934686611153,1.6559564154913808,-0.0007414423577560836,1.6550418271870668,0.0001731459465579288,1.6552118348186367,3.1383149881047956e-06,,,Uebergang
UGC00731,10.91,15739.544974,74.0,962.8131868131869,0.006310366548517168,1.9918870820270678,1.883197399147771,1.812929148639882,1.883197399147771,1.8832741074555461,-7.67083077750641e-05,1.8834951840199894,-0.00029778487221832073,1.883743634797271,-0.0005462356494998488,1.8833676051899155,-0.00017020604214446067,1.883595533921405,-0.00039813477363392913,0.7635305574202732,Peak,Klein
UGC00891,7.39,5284.450807,63.75,400.62331081081084,0.002118664907712557,2.475777754550123,2.2068835333263084,2.2068835333263084,2.2068835333263084,2.206898268860809,-1.473553450059839e-05,2.206973887667004,-9.035434069559756e-05,2.2070991172859347,-0.00021558395962628651,2.206812369782512,7.116354379643752e-05,2.206903425643691,-1.9892317382641522e-05,0.5693054948361346,Peak,Klein
UGC01230,36.54,97640.157417,113.0,502.61538461538464,0.03914631485052404,2.859025162977421,2.603836465272309,2.1416486871592015,2.603836465272309,2.6042482792026598,-0.000411813930350835,2.6056541094890995,-0.0018176442167905371,2.607892242413269,-0.004055777140960171,2.6056328078291715,-0.0017963425568625624,2.605653555435478,-0.0018170901631688885,0.539570904901698,Peak,Gross
UGC01281,4.99,3747.2130550000006,56.9,24.851249999999997,0.0015023488894691619,3.1807328360912837,3.147414477216563,3.1026646400002402,3.147414477216563,3.147445452184976,-3.0974968412866843e-05,3.147509511171005,-9.503395444188101e-05,3.14760573290578,-0.00019125568921696257,3.1475149812379706,-0.00010050402140748815,3.14751121942427,-9.674220770694575e-05,0.303921550065345,Peak,Klein
UGC02023,3.78,6484.109561999999,58.8,300.0131578947368,0.002599637292218782,2.681219929446924,2.671023400095264,2.671023400095264,2.671023400095264,2.6710605803309284,-3.718023566445794e-05,2.6711769780482126,-0.00015357795294868026,2.6713529046179683,-0.00032950452270430475,2.670897391315781,0.0001260087794827669,2.6710506303871706,-2.7230291906654713e-05,2.9999983679879434,Diffus,Klein
UGC02259,8.14,14536.243502000001,90.0,3085.5,0.005827933710132481,1.666075721042184,1.5163617071572792,1.4286490490452586,1.5163617071572792,1.5164260291745748,-6.432201729555942e-05,1.516595923125438,-0.00023421596815875745,1.5166919645062649,-0.00033025734898561865,1.5162411544578702,0.00012055269940902669,1.516697813656404,-0.0003361064991247442,2.999999999999985,Diffus,Klein
UGC02455,4.03,20727.177003000004,61.0,571.2199999999999,0.008310029586051332,1.934143240281343,2.0031126458650035,2.187767255391195,2.0031126458650035,2.0032493603457016,-0.00013671448069807468,2.0034925194024895,-0.0003798735374860307,2.0037447892852764,-0.000632143420272957,2.0028691600062296,0.00024348585877387308,2.003781567206457,-0.0006689213414534656,,,Klein
UGC02487,80.38,2451800.238134,383.0,14313.091641490433,0.982986371710546,1.1376992554546679,0.8895064060220016,1.0064314543638808,0.8895064060220016,0.8895098214445805,-3.4154225788673997e-06,0.891017855385905,-0.001511449363903461,0.9042543952085927,-0.014747989186591148,0.8895548651951691,-4.845917316753656e-05,0.8906021590641586,-0.0010957530421570327,0.8221268414986266,Peak,Gross
UGC02885,74.07,2494236.246498,305.0,54720.58823529412,1.0,0.7476993227990422,0.9585199300984941,1.0021470787815112,0.9585199300984941,0.962303546052725,-0.0037836159542308234,0.9923484476632689,-0.033828517564774785,1.0593206665344006,-0.10080073643590648,0.9901723470078126,-0.031652416909318526,0.9918723398760977,-0.033352409777603564,2.999999999996548,Diffus,Gross
UGC02916,38.0,773395.9233999999,218.0,90510.81081081081,0.31007324365760314,1.2057364812026192,1.1997226407108528,1.1491457460684333,1.1997226407108528,1.200688214206248,-0.0009655734953952777,1.1802016137613482,0.019521026949504527,1.1266210577311595,0.07310158297969327,1.1875593557964996,0.012163284914353145,1.1820887983985358,0.017633842312317016,0.2187484834842491,Peak,Gross
UGC02953,62.39,1329783.3249539998,319.0,592900.0,0.533142490740829,0.9999999999999981,1.003650031169992,1.0054330197746248,1.003650031169992,0.9645340716368791,0.039115959533112976,0.8246150792819528,0.1790349518880393,0.4555330033490882,0.5481170278209039,0.8255336871567445,0.1781163440132476,0.8248449543700908,0.17880507679990132,2.999999999999992,Diffus,Gross
UGC03205,40.04,615693.1706030001,237.0,40889.28571428571,0.2468463728997027,1.4092263707908852,1.5089646126302871,1.584409596878616,1.5089646126302871,1.5111734783794888,-0.0022088657492016495,1.5050257749358362,0.003938837694450914,1.4869838025530608,0.021980810077226298,1.5079506130516738,0.001013999578613367,1.505769896545816,0.003194716084471194,2.9999999999999982,Diffus,Gross
UGC03546,29.23,519069.119536,262.0,108958.73015873016,0.20810743980839516,0.5929068621579848,0.6041994787807679,0.6751124778382473,0.6041994787807679,0.6009406582201067,0.0032588205606611798,0.5727800437175317,0.03141943506323619,0.5141341546711533,0.09006532410961454,0.5808970168057143,0.02330246197505359,0.5748555864524703,0.029343892328297594,1.0500412246773667,Peak,Uebergang
UGC03580,27.06,92960.418194,131.0,28713.090909090915,0.03727009353044238,1.3920760034665174,1.304635370992338,1.1630222569001314,1.304635370992338,1.303613961609907,0.0010214093824310044,1.299771207968661,0.004864163023676982,1.293352002614225,0.011283368378113057,1.3000268139314086,0.00460855706092933,1.2998353775205613,0.00479999347177662,0.5563285830086061,Peak,Uebergang
UGC04278,6.69,17731.242900000005,92.8,195.37785714285715,0.007108886708264033,2.936957180473315,2.7830436738713082,2.5615242126947546,2.7830436738713082,2.78317810031894,-0.00013442644763195233,2.7834551089002733,-0.0004114350289650126,2.78386606588219,-0.0008223920108818561,2.783524797666165,-0.0004811237948567637,2.7834804847876655,-0.00043681091635727753,0.4314200146856064,Peak,Klein
UGC04305,5.52,8078.685600000001,37.3,40.1956,0.0032389416244522845,4.1474289632264885,3.747703756627017,3.3537536866176447,3.747703756627017,3.7477781524341567,-7.439580713963778e-05,3.747953127637138,-0.00024937101012101337,3.748220355422865,-0.0005165987958477558,3.7479316616771774,-0.00022790505016034857,3.747950844994109,-0.0002470883670917523,2.999999999999788,Diffus,Klein
UGC04325,5.59,16340.036205999999,92.7,2436.7,0.006551118094343314,2.3129999073244147,1.9947871938510318,1.7267989697293338,1.9947871938510318,1.9948819936496387,-9.47997986069371e-05,1.9951059636169366,-0.0003187697659048361,1.9953579304634381,-0.000570736612406364,1.9946722562406214,0.00011493761041037054,1.995200548161566,-0.0004133543105342419,0.5369569448920857,Peak,Klein
UGC04483,1.21,247.92658,24.3,326.40125,9.93997983743914e-05,2.4910837071069865,2.3507143711062697,2.171958971136919,2.3507143711062697,2.350715967378327,-1.5962720572026967e-06,2.3507187266287115,-4.355522441823467e-06,2.3507226795247376,-8.308418467883882e-06,2.3507169987908174,-2.6276845477291033e-06,2.3507228489134806,-8.477807210915955e-06,0.6283569309937992,Peak,Klein
UGC04499,8.18,17496.751696,74.3,742.8571428571428,0.007014873479032344,2.446247974745281,2.1819205613650334,1.970526300221092,2.1819205613650334,2.182006386088178,-8.58247231447784e-05,2.182283204246606,-0.00036264288157239477,2.1826638225047645,-0.0007432611397311106,2.181903351876618,1.720948841521519e-05,2.182299930588726,-0.00037936922369263826,0.5569550081841629,Peak,Klein
UGC05005,28.61,62633.950408000004,100.0,269.55128205128204,0.025111474703304625,2.4965288234640024,2.4005504767754062,2.2361330432137865,2.4005504767754062,2.400815951535686,-0.00026547476027971584,2.4017157972514003,-0.0011653204759940472,2.4031114021319406,-0.002560925356534405,2.401701862291585,-0.0011513855161786601,2.4017232709373113,-0.0011727941619050775,0.4367852777411478,Peak,Uebergang
UGC05253,53.29,901999.807488,248.0,414030.7692307692,0.361633669927795,1.0157549140733675,1.021044777925473,1.028667117382388,1.021044777925473,1.0016641912831037,0.019380586642369302,0.9248053590626898,0.0962394188627832,0.7597926623132302,0.2612521156122428,0.926217014408446,0.09482776351702704,0.9251590100731958,0.0958857678522772,0.2413903392963225,Peak,Gross
UGC05414,4.11,7080.078758999999,61.4,618.0147058823529,0.0028385758441850455,2.468126168341337,2.280249752123088,2.2209347190706312,2.280249752123088,2.280292703924825,-4.295180173707891e-05,2.280407285369623,-0.00015753324653511314,2.2805619811814726,-0.0003122290583847942,2.2801617732685155,8.797885457223487e-05,2.2803353493782414,-8.559725515366878e-05,1.0781129906484712,Peak,Klein
UGC05716,12.37,12226.10898,74.7,1488.0800970873784,0.004901744570974747,1.6239985102647976,1.6004107530916716,1.6069702587176897,1.6004107530916716,1.600464669432548,-5.391634087636987e-05,1.6006191981620528,-0.0002084450703812024,1.6007412523324165,-0.0003304992407449081,1.6005343968370254,-0.0001236437453537853,1.6007215906453265,-0.00031083755365490795,1.374999068751836,Transition,Klein
UGC05721,6.74,6394.713844000001,82.6,3025.0,0.0025637963737310033,2.3481226244435116,2.1488878598454986,2.043839711586655,2.1488878598454986,2.1489218223929187,-3.396254742016325e-05,2.1489693000989365,-8.144025343792549e-05,2.149032113990736,-0.0001442541452374435,2.1490408505750813,-0.00015299072958274706,2.148989695194787,-0.00010183534928831506,0.5566453478650017,Peak,Klein
UGC05750,22.85,47333.20832,78.9,31.000000000000004,0.018977034908564727,3.096996463744394,3.0607036788889705,2.944878687442263,3.0607036788889705,3.06098274146218,-0.000279062573209643,3.0616724347678224,-0.0009687558788518125,3.062726410979845,-0.002022732090874335,3.0616771886991163,-0.0009735098101457673,3.0616750722013117,-0.0009713933123411955,0.3341665565598662,Peak,Uebergang
UGC05764,3.62,1846.5829959999999,55.8,1278.0625,0.0007403400534302518,2.18512320091982,2.1137442947654828,1.94095364057277,2.1137442947654828,2.113757441162663,-1.3146397180197056e-05,2.1137789792366943,-3.4684471211576806e-05,2.113804083261452,-5.9788495969215205e-05,2.1137359562987306,8.338466752189078e-06,2.1138192799372377,-7.498517175497099e-05,0.2655913891567562,Peak,Klein
UGC05829,6.91,11098.328587000002,68.6,347.6825396825397,0.004449589970710459,2.5522198673176497,2.317568345414766,2.23471977194901,2.317568345414766,2.317638061207035,-6.971579226888736e-05,2.317816529279379,-0.0002481838646128942,2.318059031636863,-0.0004906862220970254,2.3176527094441974,-8.436402943123866e-05,2.3178788271985624,-0.0003104817837962237,3.0,Diffus,Klein
UGC05918,4.46,2373.608432,44.5,510.017857142857,0.000951637374099039,2.268954264132491,2.0609958147091736,1.8941703098539509,2.0609958147091736,2.0610110492535316,-1.523454435803373e-05,2.061042309379666,-4.6494670492336354e-05,2.0610779808067146,-8.216609754096993e-05,2.0609744686683737,2.134604079984115e-05,2.061063537243277,-6.77225341032539e-05,1.0926353883129318,Peak,Klein
UGC05986,9.41,30254.306490000003,116.0,1381.3492063492063,0.012129687607770985,2.5369525508726767,2.4784865789823196,2.3381359548555314,2.4784865789823196,2.478681903390925,-0.0001953244086054795,2.4792092198463194,-0.0007226408639997572,2.4799623354829308,-0.0014757565006111584,2.4791331142384796,-0.0006465352561599857,2.4793127620139344,-0.0008261830316147467,0.3126817146621076,Peak,Klein
UGC05999,16.22,53956.68155,100.0,613.3448275862069,0.02163254648622687,2.2816733187933886,1.9898657725824533,1.9898657725824533,1.9898657725824533,1.9898864421011364,-2.0669518683069654e-05,1.990225498733913,-0.0003597261514596273,1.9911475195699693,-0.0012817469875159304,1.9895554869027048,0.0003102856797485565,1.989933700593441,-6.792801098765011e-05,0.3080862189815213,Peak,Uebergang
UGC06399,7.85,18201.983399999997,87.6,706.9425287356323,0.007297618028587411,2.6419807530223465,2.4144517136109855,2.178011781075471,2.4144517136109855,2.4145443476262813,-9.263401529580051e-05,2.414849064035584,-0.00039735042459865255,2.41529700832401,-0.0008452947130246358,2.414452343909504,-6.30298518267125e-07,2.4148347418319873,-0.0003830282210017799,0.5927805540605555,Peak,Klein
UGC06446,10.22,15960.684376000001,84.9,1689.1206896551726,0.0063990267154562415,2.26059857808748,1.926279226730066,1.7791536835633908,1.926279226730066,1.9263763498797266,-9.712314966070501e-05,1.92655890482492,-0.0002796780948541855,1.926735783324031,-0.0004565565939651517,1.9267858276650986,-0.0005066009350327416,1.9267179487150914,-0.0004387219850254809,0.9942713150155962,Peak,Klein
UGC06614,64.59,787726.9157700001,205.0,11652.012383900928,0.3158188871948268,0.7751545707682557,0.7972201087889419,0.9553193552767648,0.7972201087889419,0.7977106717591509,-0.0004905629702089964,0.8040856893611372,-0.006865580572195329,0.8154804272374913,-0.018260318448549362,0.8035533243921079,-0.00633321560316602,0.8040281821532343,-0.006808073364292455,0.2751759464385292,Peak,Gross
UGC06628,7.69,24376.990093000004,42.3,657.8272727272725,0.009773328459654214,1.7720196550885041,1.5530282551113939,1.4333207629127735,1.5530282551113939,1.5531271916236382,-9.893651224435196e-05,1.5534280271653664,-0.0003997720539725691,1.5536661296843155,-0.0006378745729216373,1.552846664504374,0.00018159060701994356,1.55343448292839,-0.00040622781699606314,2.999999999998938,Diffus,Klein
UGC06667,7.85,9218.18906,85.7,813.2873563218392,0.0036957962875179447,2.4027863053463236,2.324376666954468,2.1290739473887097,2.324376666954468,2.3244238262231027,-4.715926863463338e-05,2.3245762545801547,-0.0001995876256866147,2.3247945791568676,-0.00041791220239950633,2.324370653481048,6.013473420107829e-06,2.3245762302491353,-0.00019956329466719325,0.5080375754341202,Peak,Klein
UGC06786,34.05,372643.23405900004,229.0,160000.0,0.14940173954339928,1.2182911911990266,1.1164896082924174,1.1234355714025408,1.1164896082924174,1.1131622895918116,0.0033273187006057636,1.0897183443374718,0.026771263954945557,1.04123831460192,0.07525129369049743,1.093661865241455,0.022827743050962468,1.0907212777505135,0.02576833054190386,0.578085520123878,Peak,Gross
UGC06787,37.19,494055.6960559999,276.0,149633.33333333334,0.19807894971844484,2.1910271181132313,1.9382978525076169,1.6303776691294352,1.9382978525076169,1.9399621582038724,-0.0016643056962555303,1.940458205817674,-0.0021603533100571504,1.940209613564133,-0.001911761056516026,1.940736519840232,-0.0024386673326151076,1.9405279624091691,-0.0022301099015522574,0.8910451216749282,Peak,Gross
UGC06818,6.98,11480.638388000001,74.4,629.3793103448276,0.0046028672721436245,1.7868283989793297,2.1966726040013542,2.246871248213764,2.1966726040013542,2.196734369951635,-6.176595028062337e-05,2.196930526894166,-0.0002579228928119015,2.1971991058220954,-0.0005265018207412098,2.196577162631964,9.544136939032555e-05,2.196919572713423,-0.0002469687120689734,0.46130564962589,Peak,Klein
UGC06917,10.47,52156.259978999995,111.0,2014.16091954023,0.02091071367126082,2.011656906317154,1.9434706473961303,1.7495733488635439,1.9434706473961303,1.9436327968066933,-0.00016214941056302834,1.944459636183921,-0.0009889887877907455,1.9456364319278228,-0.0021657845316924718,1.9424762951505816,0.0009943522455486686,1.944320974535682,-0.0008503271395516876,0.8605814557881815,Peak,Klein
UGC06923,5.16,18789.659088000004,81.1,1763.7096774193546,0.0075332315110011655,2.0111419345749475,1.9234817737466956,1.8658015875570406,1.9234817737466956,1.9235764414961836,-9.466774948796441e-05,1.9238592891883575,-0.0003775154416618687,1.9241899847831756,-0.0007082110364799998,1.9232348669536394,0.00024690679305616747,1.9236109063240225,-0.00012913257732694028,0.3352030713662608,Peak,Klein
UGC06930,16.61,74912.26776199999,109.0,1719.5919540229886,0.030034150881729664,2.0111605800056602,1.7724166125089016,1.6154844928594019,1.7724166125089016,1.7725777321919476,-0.000161119683045996,1.7735347205038687,-0.0011181079949671435,1.77508296703807,-0.002666354529168302,1.7725713360093844,-0.0001547235004828451,1.7734119679886038,-0.000995355479702198,1.1544873723544111,Peak,Uebergang
UGC06973,7.85,256449.561272,180.0,16609.19540229885,0.10281686894417667,1.007053469521638,0.9940074242521713,1.0464387386017182,0.9940074242521713,0.9947581034624943,-0.0007506792103230131,0.9967983350028651,-0.0027909107506938202,0.9948082203908499,-0.0008007961386786722,0.9878665297723684,0.0061408944798028164,0.9969847469739678,-0.002977322721796516,,,Klein
UGC06983,15.68,50276.48057600001,113.0,1860.6954022988505,0.020157064370542304,2.42358432976866,1.915572163001826,1.6878036162156778,1.915572163001826,1.915721212047811,-0.0001490490459850058,1.9164651191996724,-0.0008929561978463507,1.9175124116773343,-0.0019402486755082382,1.9159003164441069,-0.00032815344228076526,1.9165337694934579,-0.0009616064916317946,0.5416665333886953,Peak,Klein
UGC07089,9.16,25347.6436,79.1,502.0804597701149,0.01016248706817128,2.3593841727734692,2.26436129877278,2.1881869411469523,2.26436129877278,2.2644899907916427,-0.00012869201886278603,2.2648984121144475,-0.0005371133416676166,2.2654719154639316,-0.0011106166911516446,2.2645028547937174,-0.0001415560209374611,2.264950638401474,-0.0005893396286942298,1.5755523807020146,Transition,Klein
UGC07125,18.68,39333.829534000004,65.6,473.06250000000006,0.015769889315507366,2.159164130670437,1.9376756426056274,1.8071959416145464,1.9376756426056274,1.9377900263284127,-0.00011438372278527176,1.9383425990781535,-0.0006669564725261257,1.9391790814367953,-0.0015034388311678804,1.9380806101616708,-0.0004049675560433563,1.938349325150776,-0.0006736825451485462,0.6966157903284671,Peak,Uebergang
UGC07151,5.5,16992.555800000002,76.2,1171.28,0.006812729076428979,2.6299540610060252,2.3042893705945513,1.9994877300267928,2.3042893705945513,2.304407741535324,-0.00011837094077282728,2.3046716596327057,-0.0003822890381544042,2.305021812521206,-0.000732441926654559,2.3044044574159948,-0.00011508682144345528,2.3048318442755638,-0.0005424736810124564,0.9224675851299976,Peak,Klein
UGC07232,0.82,617.921578,44.0,1280.7619047619048,0.0002477397956458955,2.409960839276631,2.4404656534973306,2.4404656534973306,2.4404656534973306,2.4404708645539315,-5.211056600895603e-06,2.4404803574385214,-1.4703941190852277e-05,2.440493891896599,-2.823839926824334e-05,2.4404409712398967,2.468225743390562e-05,2.440454671711494,1.0981785836694513e-05,,,Klein
UGC07261,6.67,14133.281776,76.1,2305.515789473684,0.005666376549472269,1.6681247178189949,1.5377526653641564,1.4731637414595558,1.5377526653641564,1.5378180362513438,-6.537088718738815e-05,1.5379731549427604,-0.00022048957860398843,1.5380490696793716,-0.00029640431521515964,1.53763408693294,0.00011857843121654277,1.538028660895627,-0.0002759955314706186,3.0,Diffus,Klein
UGC07323,5.82,26364.572646,85.6,984.8448275862069,0.010570198666231732,2.0560522338838796,2.094736445680523,2.1719689315860196,2.094736445680523,2.094907883535368,-0.00017143785484519114,2.0952800076882636,-0.0005435620077407499,2.0957209391520646,-0.0009844934715417253,2.0947264341064766,1.001157404623143e-05,2.095585782120209,-0.0008493364396859882,0.535013218729766,Peak,Klein
UGC07399,6.13,9911.62765,106.0,3667.688524590163,0.0039738126907249835,2.045766044884288,1.8363979579523693,1.6791331692420117,1.8363979579523693,1.8364575644198178,-5.9606467448514167e-05,1.836563567000928,-0.0001656090485586681,1.8366467844550505,-0.00024882650268120976,1.83637219053392,2.5767418449174073e-05,1.8367408382854769,-0.0003428803331075869,1.932502278864512,Transition,Klein
UGC07524,10.69,28465.503039999996,83.8,592.4571428571429,0.011412512780201401,2.3356857161692313,2.179487529164483,2.1254499498845556,2.179487529164483,2.179688937331045,-0.00020140816656200045,2.1800362146789274,-0.0005486855144445357,2.1804687591671574,-0.0009812300026745824,2.1804492640232715,-0.0009617348587886987,2.1801715853949295,-0.0006840562304466502,0.7600354820830353,Peak,Klein
UGC07559,2.53,1290.106202,32.1,240.76694444444448,0.0005172349667403627,2.518327539949671,2.4511344714140018,2.3053691413555315,2.4511344714140018,2.451144451103981,-9.979689979289219e-06,2.4511652903794823,-3.081896548051688e-05,2.4511943592003003,-5.9887786298506995e-05,2.4511217227884745,1.2748625527247981e-05,2.451165258072698,-3.078665869615804e-05,0.3344595851766966,Peak,Klein
UGC07577,1.69,378.68049699999995,17.8,73.61894736842106,0.00015182222515276226,2.2027606578516306,2.3123144543240812,2.415905873212502,2.3123144543240812,2.31231732216165,-2.8678375687540836e-06,2.312322164113011,-7.709788929943784e-06,2.3123288500922814,-1.4395768200170522e-05,2.312309289873342,5.164450739059134e-06,2.3123310132389205,-1.6558914839315264e-05,2.999999999997163,Diffus,Klein
UGC07603,4.11,3002.3126670000006,64.0,1129.8823529411766,0.0012037001992956195,2.3913093607795135,2.326464232088541,2.1142161113027385,2.326464232088541,2.3264868349862455,-2.2602897704615543e-05,2.326530264939049,-6.603285050799101e-05,2.326588594458259,-0.000124362369718245,2.3265065578835205,-4.232579497953637e-05,2.326573013841747,-0.00010878175320616634,0.6241353052679601,Peak,Klein
UGC07608,4.78,4044.6543600000005,69.3,355.26666666666665,0.001621600345868939,3.0716084305637867,2.6865575974832225,2.440095757492579,2.6865575974832225,2.6865841197037574,-2.6522220534896945e-05,2.6866570727606076,-9.947527738507489e-05,2.686765146430173,-0.00020754894695063086,2.686540975875791,1.6621607431321905e-05,2.6866467241091323,-8.912662590976339e-05,0.8494654440426213,Peak,Klein
UGC07690,4.13,6080.424301,60.7,3478.118644067796,0.002437790048772301,1.561654614808535,1.2967804890703978,1.1729391547886963,1.2967804890703978,1.2968094087191095,-2.891964871176711e-05,1.2967837612516868,-3.2721812890379454e-06,1.2966222208437748,0.0001582682266230151,1.2967454888155603,3.5000254837491696e-05,1.2969792561755993,-0.00019876710520150276,0.537121356762698,Peak,Klein
UGC07866,2.32,1097.262792,33.1,451.03030303030295,0.00043991935148107866,2.2258784124673774,2.0353940289558605,1.9806248160904785,2.0353940289558605,2.035401303482939,-7.27452707849352e-06,2.035411492262182,-1.7463306321463534e-05,2.035422192595828,-2.8163639967271337e-05,2.0353848678579824,9.161097878074287e-06,2.03542495126577,-3.0922309909531265e-05,2.999999999999995,Diffus,Klein
UGC08286,8.04,11614.934544,84.3,1048.595744680851,0.004656709868725466,2.8158469033410327,2.509774663602558,2.1664665022208536,2.509774663602558,2.5098584126641366,-8.37490615785974e-05,2.5100559707245895,-0.00028130712203155994,2.5103357606140078,-0.000561097011449796,2.510090635040317,-0.00031597143775918823,2.5101097814263045,-0.00033511782374651133,1.064781447783321,Peak,Klein
UGC08490,10.15,9614.5875,80.1,4427.764705882352,0.0038547220671254524,1.792957514644782,1.8023832580277066,1.6985263333435139,1.8023832580277066,1.8024390256213059,-5.57675935992652e-05,1.8024733697999233,-9.011177221673883e-05,1.8024590578681696,-7.579984046302002e-05,1.8027721141012625,-0.0003888560735558766,1.8025716469683069,-0.00018838894060024813,0.878465901168617,Peak,Klein
UGC08550,5.36,3903.0796400000004,57.8,1275.5102040816328,0.0015648395958803296,2.2237664094272493,1.8656095615736374,1.6701190967592945,1.8656095615736374,1.8656336117654677,-2.4050191830271572e-05,1.8656682070822945,-5.864550865708473e-05,1.86569362031277,-8.405873913264195e-05,1.8656255400676345,-1.5978493997037546e-05,1.8657579132876623,-0.00014835171402483027,1.4832775421790276,Transition,Klein
UGC08699,25.7,262880.153844,202.0,105018.18181818182,0.10539504997295003,1.2998378457005813,1.3143282810806534,1.2917991151295551,1.3143282810806534,1.3135568636841568,0.0007714173964965543,1.3056177770274195,0.008710504053233814,1.2901412019671874,0.02418707911346596,1.3078175564514638,0.006510724629189557,1.3061773223712476,0.008150958709405742,0.8125029623591288,Peak,Uebergang
UGC08837,4.2,5010.00612,48.0,102.76173076923075,0.002008633355013678,2.916625927422148,2.9343010278710953,2.866585878549101,2.9343010278710953,2.9343369800821333,-3.595221103802615e-05,2.934433800588155,-0.00013277271705991467,2.9345803354304434,-0.0002793075593481298,2.9342812630016293,1.9764869465976886e-05,2.9344143772438795,-0.00011334937278428825,0.5478928611475171,Peak,Klein
UGC09037,27.96,419363.10678000003,160.0,1592.1152263374486,0.16813287328688345,2.5754649799676463,2.285472599972545,2.00465220602145,2.285472599972545,2.28612074514512,-0.0006481451725752763,2.2917961277542305,-0.006323527781685545,2.3029915445174987,-0.01751894454495373,2.2889531001400023,-0.0034805001674573788,2.2912737886416457,-0.005801188669100732,0.3393074635557031,Peak,Uebergang
UGC09133,108.31,1517567.5205540003,289.0,252050.0,0.6084297438483308,0.980346970607796,0.9813485943587317,0.9821785581383443,0.9813485943587317,0.9742697803969511,0.007078813961780561,0.8818879758580784,0.09946061850065324,0.5999055090418655,0.3814430853168662,0.8844127070203528,0.09693588733837888,0.8825213061967856,0.09882728816194608,1.529964879212225,Transition,Gross
UGC09992,3.89,3089.4574500000003,34.3,1012.3205128205129,0.0012386386631730306,1.2948133374096116,1.245350965396988,1.245350965396988,1.245350965396988,1.2453663452079509,-1.537981096277896e-05,1.2453718082708523,-2.084287386416861e-05,1.2453105794911514,4.0385905836659575e-05,1.2452814285246472,6.953687234090289e-05,1.2453190025520948,3.1962844893262954e-05,1.901040934719264,Transition,Klein
UGC10310,7.74,17117.10675,73.2,1002.0363636363637,0.006862664582808886,2.259711476092172,1.9569626671545157,1.7811446037512673,1.9569626671545157,1.9570323683323787,-6.970117786297969e-05,1.9572857910982047,-0.00032312394368894104,1.9576206871584307,-0.0006580200039150164,1.9568509528756655,0.0001117142788502612,1.9572175123799418,-0.00025484522542607024,0.4869649917558311,Peak,Klein
UGC11455,41.93,2112129.01082,291.0,1987.1129032258063,0.8468039119331648,2.5526894150327464,2.665561913966828,2.6346608488842747,2.665561913966828,2.6794746339009605,-0.013912719934132678,2.7203916681467106,-0.054829754179882784,2.789040406589204,-0.1234784926223762,2.7217139539219475,-0.05615203995511964,2.720752200307272,-0.05519028634044432,2.999999998529368,Diffus,Gross
UGC11557,10.56,77942.08312000001,85.0,48.484848484848484,0.03124887757903189,3.5455300646672216,3.329774068132628,3.1042838939862176,3.329774068132628,3.3302684409959675,-0.0004943728633395317,3.331511943519188,-0.001737875386560006,3.3334275906192206,-0.003653522486592564,3.3314243871063836,-0.0016503189737555601,3.3315084047553785,-0.0017343366227504653,2.9999999998069,Diffus,Klein
UGC11820,15.82,24374.147685999997,84.45,984.6153846153845,0.009772188869527578,2.074515734084842,2.5537083768976196,1.8001557408895024,2.5537083768976196,2.553943463681083,-0.00023508678346351175,2.5544102649480434,-0.0007018880504237046,2.5550850850661684,-0.0013767081685487348,2.554488280206795,-0.0007799033091755447,2.554430718256402,-0.0007223413587822414,3.0,Diffus,Klein
UGC11914,9.83,653226.114898,305.0,100799.99999999999,0.261894243504461,1.750241697235292,1.7600570524110162,1.7431898644951669,1.7600570524110162,1.7618692746343316,-0.0018122222233154517,1.7592732450193,0.0007838073917161292,1.7524417331569384,0.007615319254077768,1.770267743955689,-0.010210691544672912,1.7621746432430538,-0.0021175908320376635,3.0,Diffus,Klein
UGC12506,49.99,1018532.477755,255.0,13962.195121951221,0.4083544528651034,1.7365005984423667,1.628725862908811,1.5777791698735983,1.628725862908811,1.6329580380632056,-0.004232175154394557,1.646462424353145,-0.017736561444333887,1.6621741995391026,-0.033448336630291564,1.6485328305538238,-0.019806967645012774,1.647106492951084,-0.01838063004227286,0.7565721995074355,Peak,Gross
UGC12632,10.66,18133.52346,73.2,818.0422535211269,0.007270170772900979,2.106547959004441,2.1309322404951,2.004041275385881,2.1309322404951,2.1310414983687016,-0.00010925787360172023,2.13132639699767,-0.00039415650257002,2.131685939737405,-0.0007536992423049504,2.131336410256288,-0.00040416976118828885,2.131436476862125,-0.0005042363670249017,0.679548670256896,Peak,Klein
UGC12732,15.4,36991.30666,98.0,1218.3750000000002,0.014830714897972141,2.025304081085186,1.8960436943597685,1.7913043349277527,1.8960436943597685,1.8962178333123152,-0.00017413895254669853,1.896755452490584,-0.0007117581308155874,1.8973870716578782,-0.001343377298109738,1.8968190293223048,-0.0007753349625363448,1.8969117819779016,-0.0008680876181330621,3.0,Diffus,Klein
UGCA281,1.08,407.97615600000006,29.5,544.4444444444445,0.0001635675676563572,2.45883039302818,2.3399162500205173,2.1882981407575124,2.3399162500205173,2.339918896074637,-2.646054119814778e-06,2.3399234408668828,-7.190846365467962e-06,2.3399299305728087,-1.368055229145071e-05,2.3399206377668427,-4.387746325384967e-06,2.339929189091638,-1.2939071120765533e-05,0.5817911365159703,Peak,Klein
UGCA442,6.33,2830.4819700000007,57.8,480.0952380952381,0.0011348090919511343,2.30761721858833,2.249330246901657,2.0645811325964534,2.249330246901657,2.2493472979874416,-1.7051085784647313e-05,2.2493872339866225,-5.6987084965598456e-05,2.2494407037931907,-0.00011045689153377225,2.249363331192395,-3.3084290738116806e-05,2.2493983051277624,-6.805822610544965e-05,0.4854129605388501,Peak,Klein
UGCA444,2.62,637.631761,38.3,349.9200000000001,0.0002556420875910446,2.177807407483625,2.126567968683053,2.195022505435052,2.126567968683053,2.12657125009096,-3.2814079071741276e-06,2.1265755128391937,-7.544156140681935e-06,2.126581200740943,-1.3232057889833726e-05,2.1266005136752226,-3.254499216964746e-05,2.1265835839513,-1.561526824689352e-05,3.0,Diffus,Klein
