galaxy,inner_slope,n_points_x,filename,p,q,MSE,n_points_y,regime_q,dist_to_nfw,dist_to_obs_core
CamB,2.970802068001277,5,,,,,,,0.970802068001277,0.17080206800127717
D512-2,1.693220548594017,5,,,,,,,0.30677945140598295,0.5067794514059831
D564-8,2.2919247091895785,5,D564-8_rotmod.dat,2.210174235299544,0.5571372187412436,0.0003152451920339,6.0,Peak,0.29192470918957847,0.0
D631-7,2.7865554368270304,5,D631-7_rotmod.dat,3.0,0.348322941866935,0.0010815368852042,14.0,Peak,0.7865554368270304,0.0
DDO064,2.116226220486721,5,DDO064_rotmod.dat,3.0,0.2743817236319073,0.0046387219153924,14.0,Peak,0.11622622048672104,0.08377377951327913
DDO154,2.2829844327980946,5,DDO154_rotmod.dat,2.174129181724405,0.4186737825173218,0.0008867271835759,12.0,Peak,0.2829844327980946,0.0
DDO161,2.0356823998846614,5,DDO161_rotmod.dat,2.403306348260951,0.4368254162508485,0.0005569484760052,31.0,Peak,0.035682399884661375,0.1643176001153388
DDO168,2.3033973351667525,5,DDO168_rotmod.dat,2.999999999999987,0.3227056369471098,0.0056742085521469,10.0,Peak,0.3033973351667525,0.0
DDO170,2.0573625801636757,5,DDO170_rotmod.dat,1.1341006273770096,1.2031693859299848,0.0035848917070339,8.0,Transition,0.05736258016367568,0.1426374198363245
ESO079-G014,1.7833674763424883,5,ESO079-G014_rotmod.dat,2.1275089994297827,0.4620823752548555,0.0026137934725979,15.0,Peak,0.21663252365751173,0.4166325236575119
ESO116-G012,2.142661561478088,5,ESO116-G012_rotmod.dat,1.6997680842730598,0.5793447164038469,0.0016288419849842,15.0,Peak,0.14266156147808795,0.05733843852191223
ESO444-G084,2.0710211043734694,5,ESO444-G084_rotmod.dat,1.4062130704815965,0.703948088461353,0.0003798057548146,7.0,Peak,0.07102110437346942,0.12897889562653075
ESO563-G021,2.8218248933589067,5,ESO563-G021_rotmod.dat,0.7069138184439013,2.441721243466887,0.0073084498006818,27.0,Transition,0.8218248933589067,0.021824893358906916
F561-1,1.949539023824041,5,F561-1_rotmod.dat,2.5155108627616563,0.2,0.0302607350922146,6.0,Peak,0.050460976175958905,0.2504609761759591
F563-1,3.444199779817548,5,F563-1_rotmod.dat,0.8120723103311142,1.3643710860071374,0.0097818306619804,17.0,Transition,1.444199779817548,0.6441997798175483
F563-V1,2.1374815670642024,5,F563-V1_rotmod.dat,0.9813224400676284,1.2593809947170418,0.20993836060321,6.0,Transition,0.13748156706420245,0.06251843293579773
F563-V2,2.9295344605695615,5,F563-V2_rotmod.dat,1.3318690468094994,0.5260080260318406,0.0054569668313763,10.0,Peak,0.9295344605695615,0.12953446056956164
F565-V2,2.563890160958077,5,F565-V2_rotmod.dat,2.1063688571139862,0.5670040595578781,0.0008281114807094,7.0,Peak,0.5638901609580769,0.0
F567-2,1.7619268353389177,5,F567-2_rotmod.dat,2.4640275038970514,0.2741168007484732,0.0107768580525602,5.0,Peak,0.2380731646610823,0.4380731646610825
F568-1,2.75223749991198,5,F568-1_rotmod.dat,1.2259545134988934,0.8301975412606454,0.0034466412110239,12.0,Peak,0.7522374999119799,0.0
F568-3,2.963789777989989,5,F568-3_rotmod.dat,0.9384806330970888,2.7483275825199898,0.0065029890710043,18.0,Diffus,0.9637897779899891,0.16378977798998928
F568-V1,2.5628848032799127,5,F568-V1_rotmod.dat,1.019460228746292,0.6297637811320876,0.0062168077700511,15.0,Peak,0.5628848032799127,0.0
F571-8,2.4066559351087378,5,F571-8_rotmod.dat,3.0,0.3008435554047159,0.0042291869272446,9.0,Peak,0.40665593510873776,0.0
F571-V1,2.1781514589552966,5,F571-V1_rotmod.dat,1.842398474226813,0.5164712306466657,0.0006266366235068,7.0,Peak,0.1781514589552966,0.021848541044703573
F574-1,2.5717721068194646,5,F574-1_rotmod.dat,1.4450562345012918,0.539333600453951,0.0014210817173848,14.0,Peak,0.5717721068194646,0.0
F574-2,2.4456037504592896,5,,,,,,,0.44560375045928957,0.0
F579-V1,1.9771535764586998,5,F579-V1_rotmod.dat,0.5498960047993298,1.1636231153591994,0.0056995581671277,14.0,Peak,0.022846423541300176,0.22284642354130035
F583-1,1.5945618586446388,5,F583-1_rotmod.dat,1.5814349606790197,0.4463052662988264,0.0014183413310101,25.0,Peak,0.40543814135536116,0.6054381413553613
F583-4,2.170454360514501,5,F583-4_rotmod.dat,1.1714708779942575,3.0,0.0025216516559583,12.0,Diffus,0.1704543605145008,0.029545639485499375
IC2574,2.6045541750110677,5,IC2574_rotmod.dat,1.6393703316075554,3.0,0.0027528269141792,34.0,Diffus,0.6045541750110677,0.0
IC4202,3.0868271178810636,5,IC4202_rotmod.dat,1.0329055930307276,2.999999999999999,0.008540685949901,28.0,Diffus,1.0868271178810636,0.28682711788106374
KK98-251,2.977381065614508,5,KK98-251_rotmod.dat,3.0,0.3625643640887768,0.0036002007164529,15.0,Peak,0.9773810656145079,0.17738106561450806
NGC0024,3.0459486061944965,5,NGC0024_rotmod.dat,0.941695864112346,0.6253058794361918,0.004488608509142,29.0,Peak,1.0459486061944965,0.24594860619449666
NGC0055,2.2485464747576014,5,NGC0055_rotmod.dat,2.371596385865066,0.3795513013209691,0.0012012682246519,21.0,Peak,0.2485464747576014,0.0
NGC0100,2.854144558211796,5,NGC0100_rotmod.dat,1.5880951993947974,0.977171439892976,0.0009959482030005,20.0,Peak,0.8541445582117961,0.05414455821179631
NGC0247,2.254423280222649,5,NGC0247_rotmod.dat,0.936708311439276,2.9999999999999942,0.0014162018751944,26.0,Diffus,0.25442328022264915,0.0
NGC0289,1.0853867919236948,5,NGC0289_rotmod.dat,1.2140260918541037,0.5309712303149732,0.0178764766445959,28.0,Peak,0.9146132080763052,1.1146132080763054
NGC0300,2.208303481291112,5,NGC0300_rotmod.dat,1.0293811297999436,1.3320577909087532,0.0043971197964244,25.0,Transition,0.2083034812911122,0.0
NGC0801,2.285015064304159,5,NGC0801_rotmod.dat,0.6856452583082766,3.0,0.0150534965502193,11.0,Diffus,0.2850150643041589,0.0
NGC0891,0.9552773592940527,5,NGC0891_rotmod.dat,3.0,0.4782521201325272,0.0165978649330844,11.0,Peak,1.0447226407059473,1.2447226407059475
NGC1003,1.9015122232020514,5,NGC1003_rotmod.dat,0.9092474883496094,1.638680003647974,0.0035980529782753,36.0,Transition,0.09848777679794862,0.2984877767979488
NGC1090,2.4589075370397477,5,NGC1090_rotmod.dat,0.6190055244728098,2.2992685624329368,0.0069548761953719,21.0,Transition,0.45890753703974774,0.0
NGC1705,1.3654436839620152,5,NGC1705_rotmod.dat,0.4630549132544225,1.6488686687272214,0.001375236289676,14.0,Transition,0.6345563160379848,0.834556316037985
NGC2366,2.5708419755426717,5,NGC2366_rotmod.dat,3.0,0.2363044386992381,0.0056099136246285,26.0,Peak,0.5708419755426717,0.0
NGC2403,2.433381763021532,5,NGC2403_rotmod.dat,1.010354102837303,1.1245437270657133,0.0022340615006817,73.0,Peak,0.433381763021532,0.0
NGC2683,0.9312206312417519,5,NGC2683_rotmod.dat,0.6346441970091058,2.9999999999490177,0.0349661152363698,11.0,Diffus,1.068779368758248,1.2687793687582483
NGC2841,1.4345235552015858,5,NGC2841_rotmod.dat,0.4415993106148548,2.999999999999976,0.0065768315049212,50.0,Diffus,0.5654764447984142,0.7654764447984144
NGC2903,2.7345578654883895,5,NGC2903_rotmod.dat,1.8250555592149027,0.4973205052476155,0.0036686401337029,23.0,Peak,0.7345578654883895,0.0
NGC2915,2.824269821128894,5,NGC2915_rotmod.dat,0.6404408676026918,1.6571105224464855,0.0141996799923748,27.0,Transition,0.8242698211288939,0.024269821128894087
NGC2955,1.5185689679898733,5,NGC2955_rotmod.dat,2.999999999999996,0.2337994971884741,0.0043257123662052,11.0,Peak,0.4814310320101267,0.6814310320101269
NGC2976,3.1851300936231413,5,NGC2976_rotmod.dat,1.9681419391429795,2.999999999999997,0.0032628064476654,24.0,Diffus,1.1851300936231413,0.38513009362314143
NGC2998,1.659095194887058,5,NGC2998_rotmod.dat,0.4314121557422329,3.0,0.0130047969297099,13.0,Diffus,0.34090480511294197,0.5409048051129421
NGC3109,2.690583047898626,5,NGC3109_rotmod.dat,1.963201046119353,0.7093433205593073,0.0003965850243855,25.0,Peak,0.6905830478986261,0.0
NGC3198,2.2190683708208363,5,NGC3198_rotmod.dat,0.9957679896021264,0.686976413259879,0.0024803480848587,39.0,Peak,0.2190683708208363,0.0
NGC3521,1.6776569074801488,5,NGC3521_rotmod.dat,3.0,0.3508870078125967,0.0027091416503411,32.0,Peak,0.32234309251985116,0.5223430925198513
NGC3726,1.9064663826349348,5,NGC3726_rotmod.dat,1.3709082626155122,3.0,0.0076896506680798,10.0,Diffus,0.09353361736506516,0.29353361736506534
NGC3741,1.9671203517052078,5,NGC3741_rotmod.dat,1.2596533292786494,1.18629699533103,0.0008598100931159,21.0,Peak,0.032879648294792174,0.23287964829479235
NGC3769,1.4697564895383821,5,NGC3769_rotmod.dat,1.0632641887833227,0.7044986410234806,0.0063923050748106,10.0,Peak,0.5302435104616179,0.7302435104616181
NGC3877,2.781966359735565,5,NGC3877_rotmod.dat,0.7121977411047823,2.9999999999858367,0.1536880443698354,11.0,Diffus,0.781966359735565,0.0
NGC3893,1.3335147813288708,5,NGC3893_rotmod.dat,2.2439730492378875,0.3392070558413332,0.0021284978211103,9.0,Peak,0.6664852186711292,0.8664852186711294
NGC3917,2.906339385453522,5,NGC3917_rotmod.dat,1.1265223233796249,1.0552824937068368,0.0030878924276569,16.0,Peak,0.906339385453522,0.10633938545352217
NGC3949,1.4732781624219535,5,NGC3949_rotmod.dat,2.9999999990199706,2.9999999910292843,0.0023311811184558,5.0,Diffus,0.5267218375780465,0.7267218375780466
NGC3953,1.400286875223212,5,NGC3953_rotmod.dat,0.5914295987373437,2.292991767571273,0.0075674160287879,8.0,Transition,0.599713124776788,0.7997131247767881
NGC3972,2.264233470040904,5,NGC3972_rotmod.dat,1.0918104450454744,2.9999999999999982,0.0032641814749147,10.0,Diffus,0.2642334700409039,0.0
NGC3992,1.1297322353524315,5,NGC3992_rotmod.dat,0.3391305399465788,3.0,0.0026251024198534,9.0,Diffus,0.8702677646475685,1.0702677646475687
NGC4010,2.087340378851997,5,NGC4010_rotmod.dat,2.9999999999999294,0.3365099732510371,0.0086469201271897,11.0,Peak,0.08734037885199708,0.1126596211480031
NGC4013,0.9393424668417614,5,NGC4013_rotmod.dat,1.5586870259350014,1.1783616831241974,0.0056232462481442,36.0,Peak,1.0606575331582386,1.2606575331582388
NGC4051,1.4169751991813835,5,NGC4051_rotmod.dat,0.7892597203929201,2.999999999999233,0.1149463767317196,6.0,Diffus,0.5830248008186165,0.7830248008186167
NGC4068,2.8851314854184453,5,,,,,,,0.8851314854184453,0.08513148541844551
NGC4085,2.427915925289768,5,NGC4085_rotmod.dat,2.999998565911348,2.9999995027488,0.0110598162428122,5.0,Diffus,0.42791592528976796,0.0
NGC4088,1.969629912017288,5,NGC4088_rotmod.dat,2.999999996908471,2.999999996668475,0.0067167314031007,5.0,Diffus,0.030370087982712013,0.2303700879827122
NGC4100,2.091507001428089,5,NGC4100_rotmod.dat,1.5334517274506472,0.3965878958699879,0.0095114367792504,24.0,Peak,0.09150700142808921,0.10849299857191097
NGC4138,0.7525723949662735,5,NGC4138_rotmod.dat,0.4146172800092659,3.0,0.0160062830858939,6.0,Diffus,1.2474276050337265,1.4474276050337267
NGC4157,1.9435997129247518,5,NGC4157_rotmod.dat,3.0,0.4071303081014025,0.0015981524699327,15.0,Peak,0.056400287075248245,0.2564002870752484
NGC4183,1.8684140091246477,5,NGC4183_rotmod.dat,0.5710676756759712,3.0,0.0043052345916638,23.0,Diffus,0.13158599087535228,0.33158599087535245
NGC4214,1.2702901463449126,5,NGC4214_rotmod.dat,0.548169053002701,2.9999999999990887,0.0064475502576727,14.0,Diffus,0.7297098536550874,0.9297098536550876
NGC4217,2.64816155288163,5,NGC4217_rotmod.dat,2.9999999999999227,1.6380858780258845,0.0018475379583494,8.0,Transition,0.6481615528816298,0.0
NGC4389,2.5236931946962162,5,,,,,,,0.5236931946962162,0.0
NGC4559,1.959985912462687,5,NGC4559_rotmod.dat,2.370198271685313,0.3574533011746877,0.0016597460431072,31.0,Peak,0.04001408753731295,0.24001408753731313
NGC5005,1.1553248632531194,5,NGC5005_rotmod.dat,2.9999999893329963,2.999999985314973,0.0022508950846946,8.0,Diffus,0.8446751367468806,1.0446751367468807
NGC5033,1.0850762703632855,5,NGC5033_rotmod.dat,1.7742365174353298,0.3403638093241747,0.0048131986675985,18.0,Peak,0.9149237296367145,1.1149237296367147
NGC5055,1.5541268007926186,5,NGC5055_rotmod.dat,1.6814938290744808,0.4985595590798722,0.0028993298520321,16.0,Peak,0.44587319920738144,0.6458731992073816
NGC5371,0.9920146955563662,5,NGC5371_rotmod.dat,1.8797763558206408,3.0,0.0787075974263339,19.0,Diffus,1.0079853044436338,1.207985304443634
NGC5585,2.0524066055123567,5,NGC5585_rotmod.dat,2.5636830219815328,0.3238481905453884,0.0012686240758347,24.0,Peak,0.05240660551235665,0.14759339448764353
NGC5907,1.1657341531643541,5,NGC5907_rotmod.dat,0.4354078448243355,3.0,0.0120203783084766,19.0,Diffus,0.8342658468356459,1.034265846835646
NGC5985,1.5906452388072523,5,NGC5985_rotmod.dat,0.647664930807695,0.8521426476207469,0.0092155607318415,33.0,Peak,0.4093547611927477,0.6093547611927479
NGC6015,2.4529593054988394,5,NGC6015_rotmod.dat,0.5963568592864694,2.9999999999999964,0.0080732412444359,44.0,Diffus,0.45295930549883945,0.0
NGC6195,1.4406371342019233,5,NGC6195_rotmod.dat,2.999999999999998,1.0835556932739931,0.0158121706306577,7.0,Peak,0.5593628657980767,0.7593628657980769
NGC6503,1.5688982345512317,5,NGC6503_rotmod.dat,0.705182641160763,1.6907307579872102,0.0038156404102908,30.0,Transition,0.4311017654487683,0.6311017654487685
NGC6674,1.2450773549326046,5,NGC6674_rotmod.dat,0.5047823255926205,1.202087186470116,0.0247712189137517,15.0,Transition,0.7549226450673954,0.9549226450673955
NGC6789,2.498988727064653,5,,,,,,,0.49898872706465314,0.0
NGC6946,0.8498054718252397,5,NGC6946_rotmod.dat,2.2565540735993985,0.4547250182197898,0.0044883387344119,47.0,Peak,1.1501945281747603,1.3501945281747605
NGC7331,1.4559823533448026,5,NGC7331_rotmod.dat,3.0,0.4459797174832505,0.000635300105075,25.0,Peak,0.5440176466551974,0.7440176466551975
NGC7793,3.8127290491659145,5,NGC7793_rotmod.dat,1.6386966816357285,0.590058244357327,0.0163697455385987,42.0,Peak,1.8127290491659145,1.0127290491659147
NGC7814,0.8451604747875945,5,NGC7814_rotmod.dat,2.2215792173281703,0.4983654593126799,0.0037354293841279,14.0,Peak,1.1548395252124055,1.3548395252124057
PGC51017,0.8977404338229499,5,,,,,,,1.1022595661770502,1.3022595661770504
UGC00128,2.109686027448026,5,UGC00128_rotmod.dat,0.5726851288098951,1.8764118009610995,0.004459911549505,22.0,Transition,0.10968602744802602,0.09031397255197415
UGC00191,2.4066642517831562,5,UGC00191_rotmod.dat,0.9758875614116344,0.9248554316081632,0.0095461008561059,9.0,Peak,0.40666425178315624,0.0
UGC00634,1.6552149731336248,5,,,,,,,0.34478502686637524,0.5447850268663754
UGC00731,1.883197399147771,5,UGC00731_rotmod.dat,1.0826220895300414,0.7635305574202732,0.0002293625980667,12.0,Peak,0.11680260085222893,0.3168026008522291
UGC00891,2.2068835333263084,5,UGC00891_rotmod.dat,2.2654317103267814,0.5693054948361346,0.0002074070417917,5.0,Peak,0.20688353332630838,0.0
UGC01230,2.603836465272309,5,UGC01230_rotmod.dat,0.8405918612013428,0.539570904901698,0.0156102746018003,11.0,Peak,0.6038364652723089,0.0
UGC01281,3.147414477216563,5,UGC01281_rotmod.dat,3.0,0.303921550065345,0.000280156273357,23.0,Peak,1.147414477216563,0.34741447721656327
UGC02023,2.671023400095264,5,UGC02023_rotmod.dat,2.999998572672308,2.9999983679879434,0.0003519936754071,5.0,Diffus,0.671023400095264,0.0
UGC02259,1.5163617071572792,5,UGC02259_rotmod.dat,0.5455255201105049,2.999999999999985,0.0014949757310919,8.0,Diffus,0.48363829284272075,0.6836382928427209
UGC02455,2.0031126458650035,5,,,,,,,0.0031126458650034827,0.1968873541349967
UGC02487,0.8895064060220016,5,UGC02487_rotmod.dat,0.7229043129033225,0.8221268414986266,0.0073071629711229,17.0,Peak,1.1104935939779983,1.3104935939779985
UGC02885,0.9585199300984941,5,UGC02885_rotmod.dat,0.7419069089677269,2.999999999996548,0.0040318223825718,18.0,Diffus,1.0414800699015059,1.241480069901506
UGC02916,1.1997226407108528,5,UGC02916_rotmod.dat,2.9999999999999267,0.2187484834842491,0.0457660286278607,22.0,Peak,0.8002773592891472,1.0002773592891474
UGC02953,1.003650031169992,5,UGC02953_rotmod.dat,0.6142509419347555,2.999999999999992,0.0164377472351696,78.0,Diffus,0.9963499688300079,1.196349968830008
UGC03205,1.5089646126302871,5,UGC03205_rotmod.dat,0.620736676979001,2.9999999999999982,0.0100741647220768,44.0,Diffus,0.49103538736971286,0.691035387369713
UGC03546,0.6041994787807679,5,UGC03546_rotmod.dat,1.453540165319258,1.0500412246773667,0.0025245481489363,13.0,Peak,1.3958005212192321,1.5958005212192323
UGC03580,1.304635370992338,5,UGC03580_rotmod.dat,1.836144931699781,0.5563285830086061,0.0029383628407131,20.0,Peak,0.695364629007662,0.8953646290076622
UGC04278,2.7830436738713082,5,UGC04278_rotmod.dat,2.999999999995865,0.4314200146856064,0.0027057709842796,25.0,Peak,0.7830436738713082,0.0
UGC04305,3.747703756627017,5,UGC04305_rotmod.dat,1.0510425330198994,2.999999999999788,0.3056349548271227,14.0,Diffus,1.747703756627017,0.9477037566270172
UGC04325,1.9947871938510318,5,UGC04325_rotmod.dat,1.3072173070020698,0.5369569448920857,0.0032845983687366,8.0,Peak,0.005212806148968241,0.20521280614896842
UGC04483,2.3507143711062697,5,UGC04483_rotmod.dat,1.785984222646502,0.6283569309937992,0.0040689206382435,8.0,Peak,0.3507143711062697,0.0
UGC04499,2.1819205613650334,5,UGC04499_rotmod.dat,1.7154852794685551,0.5569550081841629,0.0016858374665661,9.0,Peak,0.18192056136503343,0.01807943863496675
UGC05005,2.4005504767754062,5,UGC05005_rotmod.dat,1.9631042036144235,0.4367852777411478,3.356540898739489e-05,11.0,Peak,0.40055047677540623,0.0
UGC05253,1.021044777925473,5,UGC05253_rotmod.dat,2.505732459793127,0.2413903392963225,0.0389171891398963,29.0,Peak,0.978955222074527,1.1789552220745272
UGC05414,2.280249752123088,5,UGC05414_rotmod.dat,1.8361156245042207,1.0781129906484712,0.0003700961936296,6.0,Peak,0.2802497521230878,0.0
UGC05716,1.6004107530916716,5,UGC05716_rotmod.dat,0.8336465786444122,1.374999068751836,0.001151059624224,12.0,Transition,0.3995892469083284,0.5995892469083286
UGC05721,2.1488878598454986,5,UGC05721_rotmod.dat,1.0004299031604449,0.5566453478650017,0.0093632962988706,23.0,Peak,0.14888785984549857,0.051112140154501606
UGC05750,3.0607036788889705,5,UGC05750_rotmod.dat,2.1122195870835974,0.3341665565598662,0.0005488056133399,10.0,Peak,1.0607036788889705,0.2607036788889707
UGC05764,2.1137442947654828,5,UGC05764_rotmod.dat,2.370623227142964,0.2655913891567562,0.0025609028426794,10.0,Peak,0.11374429476548276,0.08625570523451742
UGC05829,2.317568345414766,5,UGC05829_rotmod.dat,1.2423517810337137,3.0,0.0011993251474823,11.0,Diffus,0.3175683454147662,0.0
UGC05918,2.0609958147091736,5,UGC05918_rotmod.dat,1.1422860028627797,1.0926353883129318,0.0010910498867547,8.0,Peak,0.06099581470917359,0.1390041852908266
UGC05986,2.4784865789823196,5,UGC05986_rotmod.dat,2.301001935989927,0.3126817146621076,0.0002021811734859,15.0,Peak,0.4784865789823196,0.0
UGC05999,1.9898657725824533,5,UGC05999_rotmod.dat,2.7199143872022287,0.3080862189815213,0.0021760878309716,5.0,Peak,0.01013422741754666,0.21013422741754684
UGC06399,2.4144517136109855,5,UGC06399_rotmod.dat,1.7840639261087312,0.5927805540605555,0.0005906161370632,9.0,Peak,0.41445171361098554,0.0
UGC06446,1.926279226730066,5,UGC06446_rotmod.dat,0.8732500129285906,0.9942713150155962,0.0026256557567109,17.0,Peak,0.07372077326993409,0.27372077326993427
UGC06614,0.7972201087889419,5,UGC06614_rotmod.dat,3.0,0.2751759464385292,0.0059457269903281,7.0,Peak,1.202779891211058,1.4027798912110583
UGC06628,1.5530282551113939,5,UGC06628_rotmod.dat,0.6657413696818951,2.999999999998938,0.2196692789848396,5.0,Diffus,0.44697174488860614,0.6469717448886063
UGC06667,2.324376666954468,5,UGC06667_rotmod.dat,1.8193419068777807,0.5080375754341202,0.0002502528313437,9.0,Peak,0.3243766669544681,0.0
UGC06786,1.1164896082924174,5,UGC06786_rotmod.dat,1.2759573172653695,0.578085520123878,0.0026820726536391,39.0,Peak,0.8835103917075826,1.0835103917075828
UGC06787,1.9382978525076169,5,UGC06787_rotmod.dat,1.37270265232079,0.8910451216749282,0.0076593048228836,47.0,Peak,0.06170214749238312,0.2617021474923833
UGC06818,2.1966726040013542,5,UGC06818_rotmod.dat,2.9999999999999143,0.46130564962589,0.0105444197017594,7.0,Peak,0.19667260400135422,0.0033273959986459545
UGC06917,1.9434706473961303,5,UGC06917_rotmod.dat,1.3297044731044183,0.8605814557881815,0.0023383665538096,11.0,Peak,0.05652935260386971,0.2565293526038699
UGC06923,1.9234817737466956,5,UGC06923_rotmod.dat,2.999999999999725,0.3352030713662608,0.005925084426239,6.0,Peak,0.0765182262533044,0.2765182262533046
UGC06930,1.7724166125089016,5,UGC06930_rotmod.dat,0.8850824944329452,1.1544873723544111,0.0043114737194409,10.0,Peak,0.2275833874910984,0.4275833874910986
UGC06973,0.9940074242521713,5,,,,,,,1.0059925757478287,1.205992575747829
UGC06983,1.915572163001826,5,UGC06983_rotmod.dat,1.308544265899879,0.5416665333886953,0.0052623163260695,17.0,Peak,0.08442783699817391,0.2844278369981741
UGC07089,2.26436129877278,5,UGC07089_rotmod.dat,1.6741800443449737,1.5755523807020146,0.0015392868628337,12.0,Transition,0.2643612987727799,0.0
UGC07125,1.9376756426056274,5,UGC07125_rotmod.dat,1.2987257099093008,0.6966157903284671,0.0060010328350985,13.0,Peak,0.06232435739437259,0.26232435739437276
UGC07151,2.3042893705945513,5,UGC07151_rotmod.dat,1.1784179396969805,0.9224675851299976,0.0054583086643326,11.0,Peak,0.3042893705945513,0.0
UGC07232,2.4404656534973306,5,,,,,,,0.4404656534973306,0.0
UGC07261,1.5377526653641564,5,UGC07261_rotmod.dat,0.6307593688078547,3.0,0.0007500368797271,7.0,Diffus,0.46224733463584355,0.6622473346358437
UGC07323,2.094736445680523,5,UGC07323_rotmod.dat,2.5699504105917974,0.535013218729766,0.0012275752366907,10.0,Peak,0.09473644568052286,0.10526355431947731
UGC07399,1.8363979579523693,5,UGC07399_rotmod.dat,0.8335332717870549,1.932502278864512,0.0016880676996105,10.0,Transition,0.16360204204763074,0.3636020420476309
UGC07524,2.179487529164483,5,UGC07524_rotmod.dat,1.3874695057727695,0.7600354820830353,0.0020742477078955,31.0,Peak,0.17948752916448285,0.020512470835517327
UGC07559,2.4511344714140018,5,UGC07559_rotmod.dat,3.0,0.3344595851766966,0.002030570286652,7.0,Peak,0.45113447141400176,0.0
UGC07577,2.3123144543240812,5,UGC07577_rotmod.dat,2.999999999995317,2.999999999997163,0.0260033471213976,7.0,Diffus,0.3123144543240812,0.0
UGC07603,2.326464232088541,5,UGC07603_rotmod.dat,1.6155707029331912,0.6241353052679601,0.002248706831031,12.0,Peak,0.3264642320885409,0.0
UGC07608,2.6865575974832225,5,UGC07608_rotmod.dat,1.723860897409741,0.8494654440426213,0.0007610813010684,8.0,Peak,0.6865575974832225,0.0
UGC07690,1.2967804890703978,5,UGC07690_rotmod.dat,1.1351551645718376,0.537121356762698,0.0070190979422922,7.0,Peak,0.7032195109296022,0.9032195109296024
UGC07866,2.0353940289558605,5,UGC07866_rotmod.dat,1.16803083622579,2.999999999999995,0.002498841462228,7.0,Diffus,0.035394028955860524,0.16460597104413965
UGC08286,2.509774663602558,5,UGC08286_rotmod.dat,0.9020210620974028,1.064781447783321,0.0033153056117548,17.0,Peak,0.509774663602558,0.0
UGC08490,1.8023832580277066,5,UGC08490_rotmod.dat,0.7393959721178479,0.878465901168617,0.0013033343420423,30.0,Peak,0.1976167419722934,0.3976167419722936
UGC08550,1.8656095615736374,5,UGC08550_rotmod.dat,0.8474031979636605,1.4832775421790276,0.002242163210994,11.0,Transition,0.13439043842636256,0.33439043842636273
UGC08699,1.3143282810806534,5,UGC08699_rotmod.dat,1.3133142321862956,0.8125029623591288,0.0051340263613738,32.0,Peak,0.6856717189193466,0.8856717189193468
UGC08837,2.9343010278710953,5,UGC08837_rotmod.dat,3.0,0.5478928611475171,0.0070597497540302,7.0,Peak,0.9343010278710953,0.13430102787109544
UGC09037,2.285472599972545,5,UGC09037_rotmod.dat,2.999999999999763,0.3393074635557031,0.013214578439995,18.0,Peak,0.2854725999725449,0.0
UGC09133,0.9813485943587317,5,UGC09133_rotmod.dat,0.7088474319135272,1.529964879212225,0.0328026497230198,47.0,Transition,1.0186514056412683,1.2186514056412685
UGC09992,1.245350965396988,5,UGC09992_rotmod.dat,0.3230515061900832,1.901040934719264,0.0034022116210916,5.0,Transition,0.7546490346030119,0.9546490346030121
UGC10310,1.9569626671545157,5,UGC10310_rotmod.dat,1.532567808280861,0.4869649917558311,0.0026803019215584,7.0,Peak,0.04303733284548428,0.24303733284548446
UGC11455,2.665561913966828,5,UGC11455_rotmod.dat,1.1570152932041675,2.999999998529368,0.0083215489816306,31.0,Diffus,0.6655619139668278,0.0
UGC11557,3.329774068132628,5,UGC11557_rotmod.dat,2.7222760623740268,2.9999999998069,0.0639970479602384,6.0,Diffus,1.329774068132628,0.5297740681326282
UGC11820,2.5537083768976196,5,UGC11820_rotmod.dat,0.7981495543309588,3.0,0.0024434154474684,10.0,Diffus,0.5537083768976196,0.0
UGC11914,1.7600570524110162,5,UGC11914_rotmod.dat,2.1933052140937384,3.0,0.0024665847000378,58.0,Diffus,0.23994294758898382,0.439942947588984
UGC12506,1.628725862908811,5,UGC12506_rotmod.dat,0.6606284217414315,0.7565721995074355,0.0038245893516058,31.0,Peak,0.37127413709118895,0.5712741370911891
UGC12632,2.1309322404951,5,UGC12632_rotmod.dat,1.2739158591601536,0.679548670256896,0.0011087307106236,15.0,Peak,0.13093224049509988,0.0690677595049003
UGC12732,1.8960436943597685,5,UGC12732_rotmod.dat,0.7811115480611809,3.0,0.0017125917540416,16.0,Diffus,0.1039563056402315,0.3039563056402317
UGCA281,2.3399162500205173,5,UGCA281_rotmod.dat,1.9433056788799576,0.5817911365159703,0.0006159132862714,7.0,Peak,0.3399162500205173,0.0
UGCA442,2.249330246901657,5,UGCA442_rotmod.dat,2.0446490309919616,0.4854129605388501,0.0003296407305359,8.0,Peak,0.24933024690165695,0.0
UGCA444,2.126567968683053,5,UGCA444_rotmod.dat,1.4597027067277062,3.0,0.003140590211064,36.0,Diffus,0.12656796868305298,0.0734320313169472
