filename,p,q,MSE,n_points
UGCA444_rotmod.dat,1.4597027067277062,2.9999999999999996,0.003140590211064063,36
UGCA442_rotmod.dat,2.0446490309919616,0.4854129605388501,0.0003296407305359193,8
UGCA281_rotmod.dat,1.9433056788799576,0.5817911365159703,0.0006159132862714342,7
UGC12732_rotmod.dat,0.7811115480611809,2.9999999999999996,0.001712591754041677,16
UGC12632_rotmod.dat,1.2739158591601536,0.679548670256896,0.0011087307106236912,15
UGC12506_rotmod.dat,0.6606284217414315,0.7565721995074355,0.0038245893516058184,31
UGC11914_rotmod.dat,2.1933052140937384,2.9999999999999996,0.0024665847000378007,58
UGC11820_rotmod.dat,0.7981495543309588,2.9999999999999996,0.002443415447468435,10
UGC11557_rotmod.dat,2.7222760623740268,2.9999999998069,0.06399704796023843,6
UGC11455_rotmod.dat,1.1570152932041675,2.999999998529368,0.00832154898163063,31
UGC10310_rotmod.dat,1.532567808280861,0.48696499175583113,0.002680301921558406,7
UGC09992_rotmod.dat,0.32305150619008327,1.9010409347192636,0.00340221162109161,5
UGC09133_rotmod.dat,0.7088474319135272,1.529964879212225,0.03280264972301988,47
UGC09037_rotmod.dat,2.999999999999763,0.3393074635557031,0.013214578439995048,18
UGC08837_rotmod.dat,2.9999999999999996,0.5478928611475171,0.007059749754030291,7
UGC08699_rotmod.dat,1.3133142321862956,0.8125029623591288,0.005134026361373896,32
UGC08550_rotmod.dat,0.8474031979636605,1.4832775421790276,0.0022421632109940904,11
UGC08490_rotmod.dat,0.7393959721178479,0.878465901168617,0.0013033343420423569,30
UGC08286_rotmod.dat,0.9020210620974028,1.064781447783321,0.003315305611754808,17
UGC07866_rotmod.dat,1.16803083622579,2.999999999999995,0.0024988414622280257,7
UGC07690_rotmod.dat,1.1351551645718376,0.537121356762698,0.007019097942292244,7
UGC07608_rotmod.dat,1.723860897409741,0.8494654440426213,0.0007610813010684921,8
UGC07603_rotmod.dat,1.6155707029331912,0.6241353052679601,0.002248706831031085,12
UGC07577_rotmod.dat,2.999999999995317,2.999999999997163,0.02600334712139769,7
UGC07559_rotmod.dat,2.9999999999999996,0.33445958517669666,0.002030570286652026,7
UGC07524_rotmod.dat,1.3874695057727695,0.7600354820830353,0.002074247707895566,31
UGC07399_rotmod.dat,0.8335332717870549,1.9325022788645119,0.0016880676996105797,10
UGC07323_rotmod.dat,2.5699504105917974,0.535013218729766,0.0012275752366907476,10
UGC07261_rotmod.dat,0.6307593688078547,2.9999999999999996,0.0007500368797271939,7
UGC07151_rotmod.dat,1.1784179396969805,0.9224675851299976,0.005458308664332679,11
UGC07125_rotmod.dat,1.2987257099093008,0.6966157903284671,0.0060010328350985865,13
UGC07089_rotmod.dat,1.6741800443449735,1.5755523807020146,0.0015392868628337777,12
UGC06983_rotmod.dat,1.308544265899879,0.5416665333886953,0.005262316326069534,17
UGC06930_rotmod.dat,0.8850824944329452,1.1544873723544113,0.004311473719440922,10
UGC06923_rotmod.dat,2.999999999999725,0.3352030713662608,0.005925084426239093,6
UGC06917_rotmod.dat,1.3297044731044185,0.8605814557881815,0.0023383665538096827,11
UGC06818_rotmod.dat,2.9999999999999143,0.46130564962589,0.010544419701759492,7
UGC06787_rotmod.dat,1.37270265232079,0.8910451216749282,0.007659304822883632,47
UGC06786_rotmod.dat,1.2759573172653695,0.578085520123878,0.0026820726536391382,39
UGC06667_rotmod.dat,1.8193419068777812,0.5080375754341202,0.0002502528313437903,9
UGC06628_rotmod.dat,0.6657413696818951,2.999999999998938,0.21966927898483965,5
UGC06614_rotmod.dat,2.9999999999999996,0.2751759464385292,0.005945726990328187,7
UGC06446_rotmod.dat,0.8732500129285906,0.9942713150155962,0.0026256557567109645,17
UGC06399_rotmod.dat,1.7840639261087312,0.5927805540605555,0.0005906161370632817,9
UGC05999_rotmod.dat,2.7199143872022287,0.3080862189815213,0.002176087830971671,5
UGC05986_rotmod.dat,2.301001935989927,0.31268171466210765,0.0002021811734859297,15
UGC05918_rotmod.dat,1.1422860028627797,1.0926353883129318,0.0010910498867547685,8
UGC05829_rotmod.dat,1.2423517810337137,2.9999999999999996,0.0011993251474823952,11
UGC05764_rotmod.dat,2.370623227142964,0.26559138915675623,0.002560902842679431,10
UGC05750_rotmod.dat,2.1122195870835974,0.3341665565598662,0.0005488056133399566,10
UGC05721_rotmod.dat,1.0004299031604447,0.5566453478650017,0.009363296298870687,23
UGC05716_rotmod.dat,0.8336465786444122,1.3749990687518359,0.0011510596242240154,12
UGC05414_rotmod.dat,1.8361156245042212,1.0781129906484712,0.00037009619362960545,6
UGC05253_rotmod.dat,2.505732459793127,0.24139033929632253,0.038917189139896335,29
UGC05005_rotmod.dat,1.9631042036144233,0.4367852777411478,3.356540898739489e-05,11
UGC04499_rotmod.dat,1.7154852794685553,0.5569550081841629,0.001685837466566142,9
UGC04483_rotmod.dat,1.7859842226465021,0.6283569309937992,0.004068920638243527,8
UGC04325_rotmod.dat,1.3072173070020698,0.5369569448920857,0.0032845983687366936,8
UGC04305_rotmod.dat,1.0510425330198994,2.9999999999997877,0.3056349548271227,14
UGC04278_rotmod.dat,2.9999999999958655,0.4314200146856064,0.0027057709842796995,25
UGC03580_rotmod.dat,1.836144931699781,0.5563285830086061,0.002938362840713111,20
UGC03546_rotmod.dat,1.453540165319258,1.0500412246773667,0.002524548148936306,13
UGC03205_rotmod.dat,0.620736676979001,2.9999999999999982,0.010074164722076838,44
UGC02953_rotmod.dat,0.6142509419347555,2.9999999999999916,0.01643774723516968,78
UGC02916_rotmod.dat,2.9999999999999267,0.21874848348424913,0.0457660286278607,22
UGC02885_rotmod.dat,0.7419069089677269,2.9999999999965477,0.004031822382571811,18
UGC02487_rotmod.dat,0.7229043129033225,0.8221268414986266,0.007307162971122952,17
UGC02259_rotmod.dat,0.5455255201105049,2.999999999999985,0.0014949757310919192,8
UGC02023_rotmod.dat,2.999998572672308,2.9999983679879434,0.0003519936754071416,5
UGC01281_rotmod.dat,2.9999999999999996,0.30392155006534505,0.000280156273357005,23
UGC01230_rotmod.dat,0.8405918612013428,0.539570904901698,0.015610274601800344,11
UGC00891_rotmod.dat,2.2654317103267814,0.5693054948361346,0.00020740704179178499,5
UGC00731_rotmod.dat,1.0826220895300414,0.7635305574202732,0.0002293625980667683,12
UGC00191_rotmod.dat,0.9758875614116344,0.9248554316081632,0.009546100856105993,9
UGC00128_rotmod.dat,0.5726851288098951,1.8764118009610993,0.004459911549505059,22
NGC7814_rotmod.dat,2.2215792173281703,0.49836545931267995,0.003735429384127926,14
NGC7793_rotmod.dat,1.6386966816357285,0.590058244357327,0.016369745538598757,42
NGC7331_rotmod.dat,2.9999999999999996,0.4459797174832505,0.0006353001050750241,25
NGC6946_rotmod.dat,2.2565540735993985,0.4547250182197898,0.004488338734411945,47
NGC6674_rotmod.dat,0.5047823255926205,1.202087186470116,0.024771218913751773,15
NGC6503_rotmod.dat,0.705182641160763,1.6907307579872102,0.003815640410290873,30
NGC6195_rotmod.dat,2.999999999999998,1.0835556932739931,0.015812170630657797,7
NGC6015_rotmod.dat,0.5963568592864694,2.9999999999999964,0.008073241244435913,44
NGC5985_rotmod.dat,0.647664930807695,0.8521426476207469,0.009215560731841535,33
NGC5907_rotmod.dat,0.43540784482433553,2.9999999999999996,0.012020378308476652,19
NGC5585_rotmod.dat,2.5636830219815328,0.32384819054538844,0.0012686240758347058,24
NGC5371_rotmod.dat,1.8797763558206406,2.9999999999999996,0.07870759742633399,19
NGC5055_rotmod.dat,1.6814938290744808,0.4985595590798722,0.0028993298520321245,16
NGC5033_rotmod.dat,1.7742365174353298,0.3403638093241747,0.004813198667598577,18
NGC5005_rotmod.dat,2.9999999893329963,2.999999985314973,0.0022508950846946577,8
NGC4559_rotmod.dat,2.370198271685313,0.35745330117468777,0.0016597460431072972,31
NGC4217_rotmod.dat,2.9999999999999227,1.6380858780258845,0.00184753795834946,8
NGC4214_rotmod.dat,0.548169053002701,2.9999999999990887,0.006447550257672701,14
NGC4183_rotmod.dat,0.5710676756759712,2.9999999999999996,0.0043052345916638705,23
NGC4157_rotmod.dat,2.9999999999999996,0.40713030810140255,0.0015981524699327752,15
NGC4138_rotmod.dat,0.41461728000926595,2.9999999999999996,0.016006283085893927,6
NGC4100_rotmod.dat,1.5334517274506472,0.3965878958699879,0.009511436779250421,24
NGC4088_rotmod.dat,2.999999996908471,2.999999996668475,0.0067167314031007,5
NGC4085_rotmod.dat,2.9999985659113477,2.9999995027487993,0.011059816242812237,5
NGC4051_rotmod.dat,0.7892597203929201,2.9999999999992335,0.11494637673171966,6
NGC4013_rotmod.dat,1.5586870259350014,1.1783616831241974,0.005623246248144295,36
NGC4010_rotmod.dat,2.9999999999999294,0.33650997325103715,0.008646920127189772,11
NGC3992_rotmod.dat,0.3391305399465788,2.9999999999999996,0.0026251024198534288,9
NGC3972_rotmod.dat,1.0918104450454744,2.9999999999999982,0.0032641814749147765,10
NGC3953_rotmod.dat,0.5914295987373437,2.2929917675712734,0.0075674160287879655,8
NGC3949_rotmod.dat,2.9999999990199706,2.9999999910292843,0.002331181118455819,5
NGC3917_rotmod.dat,1.1265223233796247,1.0552824937068368,0.003087892427656933,16
NGC3893_rotmod.dat,2.2439730492378875,0.33920705584133326,0.002128497821110394,9
NGC3877_rotmod.dat,0.7121977411047823,2.9999999999858367,0.15368804436983544,11
NGC3769_rotmod.dat,1.0632641887833227,0.7044986410234806,0.006392305074810667,10
NGC3741_rotmod.dat,1.2596533292786494,1.18629699533103,0.0008598100931159735,21
NGC3726_rotmod.dat,1.3709082626155122,2.9999999999999996,0.007689650668079894,10
NGC3521_rotmod.dat,2.9999999999999996,0.3508870078125967,0.0027091416503411516,32
NGC3198_rotmod.dat,0.9957679896021264,0.686976413259879,0.0024803480848587154,39
NGC3109_rotmod.dat,1.963201046119353,0.7093433205593073,0.00039658502438550764,25
NGC2998_rotmod.dat,0.43141215574223296,2.9999999999999996,0.013004796929709912,13
NGC2976_rotmod.dat,1.9681419391429793,2.999999999999997,0.003262806447665458,24
NGC2955_rotmod.dat,2.9999999999999956,0.23379949718847412,0.004325712366205279,11
NGC2915_rotmod.dat,0.6404408676026918,1.6571105224464855,0.014199679992374826,27
NGC2903_rotmod.dat,1.8250555592149027,0.49732050524761556,0.0036686401337029835,23
NGC2841_rotmod.dat,0.4415993106148548,2.999999999999976,0.006576831504921245,50
NGC2683_rotmod.dat,0.6346441970091058,2.9999999999490177,0.034966115236369874,11
NGC2403_rotmod.dat,1.010354102837303,1.1245437270657133,0.00223406150068178,73
NGC2366_rotmod.dat,2.9999999999999996,0.23630443869923815,0.005609913624628551,26
NGC1705_rotmod.dat,0.4630549132544225,1.6488686687272214,0.0013752362896760728,14
NGC1090_rotmod.dat,0.6190055244728098,2.2992685624329368,0.006954876195371914,21
NGC1003_rotmod.dat,0.9092474883496094,1.638680003647974,0.0035980529782753045,36
NGC0891_rotmod.dat,2.9999999999999996,0.4782521201325272,0.016597864933084485,11
NGC0801_rotmod.dat,0.6856452583082766,2.9999999999999996,0.015053496550219321,11
NGC0300_rotmod.dat,1.0293811297999436,1.3320577909087532,0.004397119796424429,25
NGC0289_rotmod.dat,1.2140260918541035,0.5309712303149732,0.017876476644595924,28
NGC0247_rotmod.dat,0.9367083114392761,2.9999999999999942,0.0014162018751944687,26
NGC0100_rotmod.dat,1.5880951993947974,0.977171439892976,0.000995948203000535,20
NGC0055_rotmod.dat,2.371596385865066,0.3795513013209691,0.0012012682246519601,21
NGC0024_rotmod.dat,0.9416958641123461,0.6253058794361918,0.00448860850914208,29
KK98-251_rotmod.dat,2.9999999999999996,0.3625643640887768,0.003600200716452934,15
IC4202_rotmod.dat,1.0329055930307276,2.999999999999999,0.00854068594990102,28
IC2574_rotmod.dat,1.6393703316075554,2.9999999999999996,0.002752826914179283,34
F583-4_rotmod.dat,1.1714708779942575,2.9999999999999996,0.002521651655958379,12
F583-1_rotmod.dat,1.5814349606790195,0.4463052662988264,0.0014183413310101098,25
F579-V1_rotmod.dat,0.5498960047993298,1.1636231153591994,0.005699558167127773,14
F574-1_rotmod.dat,1.4450562345012918,0.539333600453951,0.0014210817173848343,14
F571-V1_rotmod.dat,1.842398474226813,0.5164712306466657,0.0006266366235068144,7
F571-8_rotmod.dat,2.9999999999999996,0.30084355540471597,0.004229186927244641,9
F568-V1_rotmod.dat,1.019460228746292,0.6297637811320876,0.00621680777005112,15
F568-3_rotmod.dat,0.9384806330970888,2.7483275825199898,0.006502989071004331,18
F568-1_rotmod.dat,1.2259545134988934,0.8301975412606454,0.003446641211023968,12
F567-2_rotmod.dat,2.4640275038970514,0.2741168007484732,0.010776858052560274,5
F565-V2_rotmod.dat,2.1063688571139862,0.5670040595578781,0.000828111480709445,7
F563-V2_rotmod.dat,1.3318690468094994,0.5260080260318406,0.005456966831376397,10
F563-V1_rotmod.dat,0.9813224400676283,1.2593809947170418,0.20993836060321,6
F563-1_rotmod.dat,0.8120723103311142,1.3643710860071374,0.009781830661980469,17
F561-1_rotmod.dat,2.5155108627616563,0.20000000000000004,0.03026073509221469,6
ESO563-G021_rotmod.dat,0.7069138184439013,2.441721243466887,0.0073084498006818314,27
ESO444-G084_rotmod.dat,1.4062130704815963,0.703948088461353,0.00037980575481466687,7
ESO116-G012_rotmod.dat,1.6997680842730598,0.5793447164038469,0.0016288419849842478,15
ESO079-G014_rotmod.dat,2.1275089994297827,0.46208237525485557,0.0026137934725979383,15
DDO170_rotmod.dat,1.1341006273770096,1.2031693859299848,0.003584891707033919,8
DDO168_rotmod.dat,2.999999999999987,0.32270563694710985,0.005674208552146979,10
DDO161_rotmod.dat,2.403306348260951,0.43682541625084853,0.0005569484760052747,31
DDO154_rotmod.dat,2.174129181724405,0.4186737825173218,0.0008867271835759378,12
DDO064_rotmod.dat,2.9999999999999996,0.2743817236319073,0.004638721915392439,14
D631-7_rotmod.dat,2.9999999999999996,0.348322941866935,0.0010815368852042909,14
D564-8_rotmod.dat,2.2101742352995437,0.5571372187412436,0.00031524519203391,6
